排名,名称,跑分,核心数,线程数,频率,上市时间,详情页
1,Intel Xeon 678X,34711,48,96,2.4GHz,2026.02,https://www.topcpu.net/cpu/intel-xeon-678x
2,Intel Xeon 698X,34632,86,172,2GHz,2026.02,https://www.topcpu.net/cpu/intel-xeon-698x
3,Intel Xeon 696X,34549,64,128,2.4GHz,2026.02,https://www.topcpu.net/cpu/intel-xeon-696x
4,AMD Ryzen Threadripper PRO 9985WX,33523,64,128,3.2GHz,2025.07,https://www.topcpu.net/cpu/amd-ryzen-threadripper-pro-9985wx
5,Apple M4 Ultra,32898,32,32,4.52GHz,2025.05,https://www.topcpu.net/cpu/apple-m4-ultra
6,Apple M5 Max (40-core GPU),30196,18,18,4.61GHz,2026.03,https://www.topcpu.net/cpu/apple-m5-max-40-core-gpu
7,AMD Ryzen Threadripper PRO 9995WX,30170,96,192,2.5GHz,2025.07,https://www.topcpu.net/cpu/amd-ryzen-threadripper-pro-9995wx
8,AMD Ryzen Threadripper PRO 9975WX,29802,32,64,4GHz,2025.07,https://www.topcpu.net/cpu/amd-ryzen-threadripper-pro-9975wx
9,Intel Xeon 658X,29732,24,48,3GHz,2026.02,https://www.topcpu.net/cpu/intel-xeon-658x
10,AMD Ryzen Threadripper 9980X,29482,64,128,3.2GHz,2025.07,https://www.topcpu.net/cpu/amd-ryzen-threadripper-9980x
11,Apple M5 Max (32-core GPU),29052,18,18,4.61GHz,2026.03,https://www.topcpu.net/cpu/apple-m5-max-32-core-gpu
12,AMD Ryzen Threadripper 7960X,28707,24,48,4.2GHz,2023.10,https://www.topcpu.net/cpu/amd-ryzen-threadripper-7960x
13,AMD EPYC 9655P,28414,96,192,2.6GHz,2024.10,https://www.topcpu.net/cpu/amd-epyc-9655p
14,Apple M3 Ultra,28104,32,32,4.05GHz,2025.03,https://www.topcpu.net/cpu/apple-m3-ultra
15,AMD Ryzen Threadripper 9970X,28082,32,64,4GHz,2025.07,https://www.topcpu.net/cpu/amd-ryzen-threadripper-9970x
16,Intel Core Ultra 7 270K Plus,27401,24,24,3.7GHz,2026.03,https://www.topcpu.net/cpu/intel-core-ultra-7-270k-plus
17,AMD Ryzen Threadripper PRO 9965WX,27258,24,48,4.2GHz,2025.07,https://www.topcpu.net/cpu/amd-ryzen-threadripper-pro-9965wx
18,AMD Ryzen Threadripper 7980X,26811,64,128,3.2GHz,2023.10,https://www.topcpu.net/cpu/amd-ryzen-threadripper-7980x
19,Apple M4 Max 16 Core,26185,16,16,4.52GHz,2024.10,https://www.topcpu.net/cpu/apple-m4-max-16-core
20,AMD EPYC 9375F,25593,32,64,3.85GHz,2024.10,https://www.topcpu.net/cpu/amd-epyc-9375f
21,AMD Ryzen Threadripper 7970X,25488,32,64,4GHz,2023.10,https://www.topcpu.net/cpu/amd-ryzen-threadripper-7970x
22,AMD Ryzen Threadripper PRO 7995WX,25395,96,192,2.5GHz,2023.10,https://www.topcpu.net/cpu/amd-ryzen-threadripper-pro-7995wx
23,AMD Threadripper PRO 7985WX,24780,64,128,3.2GHz,2023.10,https://www.topcpu.net/cpu/amd-threadripper-pro-7985wx
24,AMD Ryzen Threadripper 9960X,24770,24,48,4.2GHz,2025.07,https://www.topcpu.net/cpu/amd-ryzen-threadripper-9960x
25,Apple M5 Pro (18-Core),24687,18,18,4.61GHz,2026.03,https://www.topcpu.net/cpu/apple-m5-pro-18-core
26,AMD Ryzen 9 9950X3D2,24343,16,32,4.3GHz,2026.03,https://www.topcpu.net/cpu/amd-ryzen-9-9950x3d2
27,Intel Core i9 14900KS,24033,24,32,3.2GHz,2024.03,https://www.topcpu.net/cpu/intel-core-i9-14900ks
28,AMD Threadripper PRO 7965WX,23936,24,48,4.2GHz,2023.10,https://www.topcpu.net/cpu/amd-threadripper-pro-7965wx
29,AMD EPYC 9335,23858,32,64,3GHz,2024.10,https://www.topcpu.net/cpu/amd-epyc-9335
30,AMD EPYC 9474F,23699,48,96,3.6GHz,2022.11,https://www.topcpu.net/cpu/amd-epyc-9474f
31,AMD EPYC 9275F,23682,24,48,4.1GHz,2024.10,https://www.topcpu.net/cpu/amd-epyc-9275f
32,AMD EPYC 9745,23581,128,256,2.4GHz,2024.10,https://www.topcpu.net/cpu/amd-epyc-9745
33,Apple M5 Pro (15-Core),23517,15,15,4.61GHz,2026.03,https://www.topcpu.net/cpu/apple-m5-pro-15-core
34,Apple M4 Max 14 Core,23252,14,14,4.52GHz,2024.10,https://www.topcpu.net/cpu/apple-m4-max-14-core
35,Intel Core Ultra 9 290K Plus,23196,24,24,3.7GHz,0001.01,https://www.topcpu.net/cpu/intel-core-ultra-9-290k-plus
36,Intel Core Ultra 9 285K,23087,24,24,3.7GHz,2024.10,https://www.topcpu.net/cpu/intel-core-ultra-9-285k
37,Qualcomm Snapdragon X2 Elite Extreme (X2E 96 100),23081,18,18,3.0GHz,2025.09,https://www.topcpu.net/cpu/qualcomm-snapdragon-x2-elite-extreme-x2e-96-100
38,AMD Ryzen Threadripper PRO 9955WX,23062,16,32,4.5GHz,2025.07,https://www.topcpu.net/cpu/amd-ryzen-threadripper-pro-9955wx
39,AMD EPYC 9274F,23051,24,48,4.05GHz,2022.11,https://www.topcpu.net/cpu/amd-epyc-9274f
40,AMD Ryzen AI Max+ Pro 395,22929,16,32,3.0GHz,2025.01,https://www.topcpu.net/cpu/amd-ryzen-ai-max-pro-395
41,AMD EPYC 9654P,22897,96,192,2.4GHz,2022.11,https://www.topcpu.net/cpu/amd-epyc-9654p
42,AMD EPYC Embedded 9654P,22897,96,192,2.4GHz,2023.03,https://www.topcpu.net/cpu/amd-epyc-embedded-9654p
43,Intel Core i9 13900KS,22794,24,32,3.2GHz,2023.01,https://www.topcpu.net/cpu/intel-core-i9-13900ks
44,Qualcomm Snapdragon X2 Elite Extreme (X2E-94-100),22784,18,18,3.6GHz,2025.09,https://www.topcpu.net/cpu/qualcomm-snapdragon-x2-elite-extreme-x2e-94-100
45,Intel Xeon w9-3475X,22757,36,72,2.2GHz,2023.02,https://www.topcpu.net/cpu/intel-xeon-w9-3475x
46,AMD EPYC 9535,22642,64,128,2.4GHz,2024.10,https://www.topcpu.net/cpu/amd-epyc-9535
47,Intel Core i9 14900K,22637,24,32,3.2GHz,2023.10,https://www.topcpu.net/cpu/intel-core-i9-14900k
48,Apple M4 Pro 14 Core,22630,14,14,4.52GHz,2024.10,https://www.topcpu.net/cpu/apple-m4-pro-14-core
49,AMD Ryzen 9 9950X3D,22567,16,32,4.3GHz,2025.03,https://www.topcpu.net/cpu/amd-ryzen-9-9950x3d
50,AMD EPYC 9655,22544,96,192,2.6GHz,2024.10,https://www.topcpu.net/cpu/amd-epyc-9655
51,Intel Core i9 14900KF,22411,24,32,3.2GHz,2023.10,https://www.topcpu.net/cpu/intel-core-i9-14900kf
52,Intel Core i9 13900KF,22375,24,32,3.0GHz,2022.09,https://www.topcpu.net/cpu/intel-core-i9-13900kf
53,AMD EPYC 9255,22355,24,48,3.25GHz,2024.10,https://www.topcpu.net/cpu/amd-epyc-9255
54,Intel Core Ultra 9 285HX,22256,24,24,2.8GHz,2025.01,https://www.topcpu.net/cpu/intel-core-ultra-9-285hx
55,AMD Ryzen AI Max+ 395,22123,16,32,3.0GHz,2025.01,https://www.topcpu.net/cpu/amd-ryzen-ai-max-395
56,Intel Xeon w7-2575X,21913,22,44,3GHz,2024.08,https://www.topcpu.net/cpu/xeon-w7-2575x
57,AMD EPYC 9534,21867,64,128,2.45GHz,2022.11,https://www.topcpu.net/cpu/amd-epyc-9534
58,Intel Core Ultra 7 265KF,21797,20,20,3.9GHz,2024.10,https://www.topcpu.net/cpu/intel-core-ultra-7-265kf
59,AMD Ryzen 9 9950X,21762,16,32,4.3GHz,2024.06,https://www.topcpu.net/cpu/amd-ryzen-9-9950x
60,AMD EPYC 9175F,21724,16,32,4.2GHz,2024.10,https://www.topcpu.net/cpu/amd-epyc-9175f
61,Intel Core Ultra 9 285,21649,24,24,2.5GHz,2024.12,https://www.topcpu.net/cpu/intel-core-ultra-9-285
62,Intel Core Ultra 9 290HX Plus,21569,24,24,2.7GHz,2026.01,https://www.topcpu.net/cpu/intel-core-ultra-9-290hx-plus
63,AMD Ryzen 9 7950X,21409,16,32,4.5GHz,2022.08,https://www.topcpu.net/cpu/amd-ryzen-9-7950x
64,Intel Xeon Platinum 8568Y+,21394,48,96,2.3GHz,2023.12,https://www.topcpu.net/cpu/intel-xeon-platinum-8568y
65,Intel Core Ultra 7 265K,21388,20,20,3.9GHz,2024.10,https://www.topcpu.net/cpu/intel-core-ultra-7-265k
66,AMD Ryzen 9 9900X3D,21360,12,24,4.4GHz,2025.01,https://www.topcpu.net/cpu/amd-ryzen-9-9900x3d
67,Intel Xeon Gold 6542Y,21322,24,48,2.9GHz,2023.12,https://www.topcpu.net/cpu/intel-xeon-gold-6542y
68,Intel Core i9 13900K,21277,24,32,3.0GHz,2022.09,https://www.topcpu.net/cpu/intel-core-i9-13900k
69,Intel Core i7 14700KF,21268,20,28,3.4GHz,2023.10,https://www.topcpu.net/cpu/intel-core-i7-14700kf
70,Apple M2 Ultra,21217,24,24,3.5GHz,2023.05,https://www.topcpu.net/cpu/apple-m2-ultra
71,AMD EPYC 9455P,21212,48,96,3.15GHz,2024.10,https://www.topcpu.net/cpu/amd-epyc-9455p
72,Apple M3 Max,21164,16,16,4.05GHz,2023.10,https://www.topcpu.net/cpu/apple-m3-max
73,Intel Core Ultra 5 250KF Plus,21115,18,18,4.2GHz,2026.03,https://www.topcpu.net/cpu/intel-core-ultra-5-250kf-plus
74,AMD EPYC 9684X,21077,96,192,2.55GHz,2023.06,https://www.topcpu.net/cpu/amd-epyc-9684x
75,Intel Xeon Platinum 8580,21070,60,120,2GHz,2023.12,https://www.topcpu.net/cpu/intel-xeon-platinum-8580
76,Intel Core Ultra 5 250K Plus,21067,18,18,4.2GHz,2026.03,https://www.topcpu.net/cpu/intel-core-ultra-5-250k-plus
77,AMD EPYC Embedded 9354,20933,32,64,3.25GHz,2023.03,https://www.topcpu.net/cpu/amd-epyc-embedded-9354
78,AMD EPYC 9354,20933,32,64,3.25GHz,2022.11,https://www.topcpu.net/cpu/amd-epyc-9354
79,AMD EPYC 9334,20734,32,64,2.7GHz,2022.11,https://www.topcpu.net/cpu/amd-epyc-9334
80,Intel Xeon 6766P-B,20647,64,128,2.3GHz,2025.12,https://www.topcpu.net/cpu/intel-xeon-6766p-b
81,Qualcomm Snapdragon X2 Elite (X2E 90 100),20629,18,18,3.4GHz,2025.09,https://www.topcpu.net/cpu/qualcomm-snapdragon-x2-elite-x2e-90-100
82,Apple M4 Pro 12 Core,20492,12,12,4.52GHz,2024.10,https://www.topcpu.net/cpu/apple-m4-pro-12-core
83,Intel Core i7 14700K,20412,20,28,3.4GHz,2023.10,https://www.topcpu.net/cpu/intel-core-i7-14700k
84,Intel Xeon w7-3565X,20373,32,64,2.5GHz,2024.08,https://www.topcpu.net/cpu/xeon-w7-3565x
85,AMD EPYC 9754,20337,128,256,2.25GHz,2023.06,https://www.topcpu.net/cpu/amd-epyc-9754
86,Qualcomm Snapdragon X2 Elite X2E-88-100,20306,18,18,3.0GHz,2025.09,https://www.topcpu.net/cpu/qualcomm-snapdragon-x2-elite-x2e-88-100
87,AMD Ryzen Threadripper PRO 9945WX,20283,12,24,4.7GHz,2025.07,https://www.topcpu.net/cpu/amd-ryzen-threadripper-pro-9945wx
88,Intel Xeon Platinum 8368Q,20262,38,76,2.6GHz,2021.04,https://www.topcpu.net/cpu/intel-xeon-platinum-8368q
89,AMD EPYC 9555,20219,64,128,3.2GHz,2024.10,https://www.topcpu.net/cpu/amd-epyc-9555
90,Intel Xeon Platinum 8462Y+,20211,32,64,2.8GHz,2023.01,https://www.topcpu.net/cpu/intel-xeon-platinum-8462y
91,Intel Core i7 13700K,20188,16,24,3.4GHz,2022.09,https://www.topcpu.net/cpu/intel-core-i7-13700k
92,AMD Ryzen 9 9955HX3D,20133,16,32,2.5GHz,2025.01,https://www.topcpu.net/cpu/amd-ryzen-9-9955hx3d
93,AMD EPYC 4585PX,19985,16,32,4.3GHz,2025.05,https://www.topcpu.net/cpu/epyc-4585px
94,AMD EPYC Embedded 9654,19940,96,192,2.4GHz,2023.03,https://www.topcpu.net/cpu/amd-epyc-embedded-9654
95,AMD EPYC 9654,19940,96,192,2.4GHz,2022.11,https://www.topcpu.net/cpu/amd-epyc-9654
96,Intel Core Ultra 7 265F,19933,20,20,2.4GHz,2024.12,https://www.topcpu.net/cpu/intel-core-ultra-7-265f
97,Intel Core i9 14900F,19868,24,32,2.0GHz,2024.01,https://www.topcpu.net/cpu/intel-core-i9-14900f
98,Intel Core Ultra 7 265,19830,20,20,2.4GHz,2024.12,https://www.topcpu.net/cpu/intel-core-ultra-7-265
99,Intel Xeon 6774P,19827,64,128,2.5GHz,2025.05,https://www.topcpu.net/cpu/intel-xeon-6774p
100,Intel Core i9 14900,19826,24,32,2.0GHz,2024.01,https://www.topcpu.net/cpu/intel-core-i9-14900
101,Intel Xeon Platinum 8468,19813,48,96,2.1GHz,2023.01,https://www.topcpu.net/cpu/intel-xeon-platinum-8468
102,AMD EPYC 9355,19573,32,64,3.55GHz,2024.10,https://www.topcpu.net/cpu/amd-epyc-9355
103,AMD Ryzen 9 9900X,19527,12,24,4.4GHz,2024.06,https://www.topcpu.net/cpu/amd-ryzen-9-9900x
104,AMD Threadripper PRO 7975WX,19501,32,64,4GHz,2023.10,https://www.topcpu.net/cpu/amd-threadripper-pro-7975wx
105,AMD Ryzen Threadripper PRO 5965WX,19489,24,48,3.8GHz,2022.03,https://www.topcpu.net/cpu/amd-ryzen-threadripper-pro-5965wx
106,AMD Ryzen 9 9955HX,19459,16,32,2.5GHz,2025.01,https://www.topcpu.net/cpu/amd-ryzen-9-9955hx
107,AMD Ryzen 9 7945HX,19413,16,32,2.5GHz,2023.01,https://www.topcpu.net/cpu/amd-ryzen-9-7945hx
108,Intel Xeon w5-3435X,19383,16,32,3.1GHz,2023.02,https://www.topcpu.net/cpu/intel-xeon-w5-3435x
109,AMD Ryzen 7 9850X3D,19325,8,16,4.7GHz,2026.01,https://www.topcpu.net/cpu/amd-ryzen-7-9850x3d
110,Intel Xeon Platinum 8571N,19244,52,104,2.4GHz,2023.12,https://www.topcpu.net/cpu/intel-xeon-platinum-8571n
111,AMD EPYC Embedded 9554,19184,64,128,3.1GHz,2023.03,https://www.topcpu.net/cpu/amd-epyc-embedded-9554
112,AMD EPYC 9554,19184,64,128,3.1GHz,2022.11,https://www.topcpu.net/cpu/amd-epyc-9554
113,AMD Ryzen 9 7900X,19092,12,24,4.7GHz,2022.09,https://www.topcpu.net/cpu/amd-ryzen-9-7900x
114,Intel Core i9 13900,19064,24,32,2.0GHz,2023.01,https://www.topcpu.net/cpu/intel-core-i9-13900
115,AMD Ryzen 9 7950X3D,19025,16,32,4.2GHz,2023.01,https://www.topcpu.net/cpu/amd-ryzen-9-7950x3d
116,AMD EPYC 4565P,19008,16,32,4.3GHz,2025.05,https://www.topcpu.net/cpu/epyc-4565p
117,Intel Core 9 273PQE,18969,12,24,3.4GHz,2026.03,https://www.topcpu.net/cpu/intel-core-9-273pqe
118,Intel Xeon w9-3495X,18958,56,112,1.9GHz,2023.02,https://www.topcpu.net/cpu/intel-xeon-w9-3495x
119,Intel Xeon Gold 6442Y,18895,24,48,2.6GHz,2023.01,https://www.topcpu.net/cpu/intel-xeon-gold-6442y
120,Intel Xeon Gold 6544Y,18893,16,32,3.6GHz,2023.12,https://www.topcpu.net/cpu/intel-xeon-gold-6544y
121,AMD EPYC 9755,18850,128,256,2.7GHz,2024.10,https://www.topcpu.net/cpu/amd-epyc-9755
122,Intel Core i7 14790F,18799,16,24,2.1GHz,2024.01,https://www.topcpu.net/cpu/intel-core-i7-14790f
123,Intel Core i9 13900F,18735,24,32,2.0GHz,2023.01,https://www.topcpu.net/cpu/intel-core-i9-13900f
124,Apple M1 Ultra,18680,20,20,3.2GHz,2022.03,https://www.topcpu.net/cpu/apple-m1-ultra
125,AMD EPYC 9965,18619,192,384,2.25GHz,2024.10,https://www.topcpu.net/cpu/amd-epyc-9965
126,AMD EPYC 4564P,18581,16,32,4.5GHz,2024.05,https://www.topcpu.net/cpu/amd-epyc-4564p
127,Intel Core Ultra 9 285T,18565,24,24,1.4GHz,2025.01,https://www.topcpu.net/cpu/intel-core-ultra-9-285t
128,AMD Ryzen AI Max 390,18560,12,24,3.2GHz,2025.01,https://www.topcpu.net/cpu/amd-ryzen-ai-max-390
129,AMD EPYC 4465P,18549,12,24,3.4GHz,2025.05,https://www.topcpu.net/cpu/epyc-4465p
130,AMD Ryzen Threadripper PRO 7955WX,18527,16,32,4.5GHz,2023.10,https://www.topcpu.net/cpu/amd-ryzen-threadripper-pro-7955wx
131,AMD EPYC 7573X,18455,32,64,2.8GHz,2022.03,https://www.topcpu.net/cpu/amd-epyc-7573x
132,Intel Core i9 14900HX,18418,24,32,2.2GHz,2024.01,https://www.topcpu.net/cpu/intel-core-i9-14900hx
133,Intel Xeon W-3365,18361,32,64,2.7GHz,2021.07,https://www.topcpu.net/cpu/intel-xeon-w-3365
134,AMD Ryzen 7 9800X3D,18343,8,16,4.7GHz,2024.11,https://www.topcpu.net/cpu/amd-ryzen-7-9800x3d
135,AMD Ryzen 9 9850HX,18274,12,24,3.0GHz,2025.01,https://www.topcpu.net/cpu/amd-ryzen-9-9850hx
136,Intel Core i7 13700KF,18273,16,24,3.4GHz,2022.09,https://www.topcpu.net/cpu/intel-core-i7-13700kf
137,AMD EPYC 9135,18218,16,32,3.65GHz,2024.10,https://www.topcpu.net/cpu/amd-epyc-9135
138,AMD EPYC Embedded 9254,18187,24,48,2.9GHz,2023.03,https://www.topcpu.net/cpu/amd-epyc-embedded-9254
139,AMD EPYC 9254,18187,24,48,2.9GHz,2022.11,https://www.topcpu.net/cpu/amd-epyc-9254
140,AMD EPYC 9355P,18111,32,64,3.55GHz,2024.10,https://www.topcpu.net/cpu/amd-epyc-9355p
141,AMD Ryzen 9 7900X3D,18105,12,24,4.4GHz,2023.01,https://www.topcpu.net/cpu/amd-ryzen-9-7900x3d
142,AMD EPYC 9454P,18095,48,96,2.75GHz,2022.11,https://www.topcpu.net/cpu/amd-epyc-9454p
143,AMD EPYC Embedded 9454P,18095,48,96,2.75GHz,2023.03,https://www.topcpu.net/cpu/amd-epyc-embedded-9454p
144,AMD Ryzen AI Max+ 392,18071,12,24,3.2GHz,2026.01,https://www.topcpu.net/cpu/amd-ryzen-ai-max-plus-392
145,AMD EPYC 9224,18066,24,48,2.5GHz,2022.11,https://www.topcpu.net/cpu/amd-epyc-9224
146,AMD EPYC 9454,18038,48,96,2.75GHz,2022.11,https://www.topcpu.net/cpu/amd-epyc-9454
147,AMD EPYC Embedded 9454,18038,48,96,2.75GHz,2023.03,https://www.topcpu.net/cpu/amd-epyc-embedded-9454
148,Intel Core i7 14700F,18009,20,28,2.1GHz,2024.01,https://www.topcpu.net/cpu/intel-core-i7-14700f
149,Intel Core Ultra 5 245K,17867,14,14,4.2GHz,2024.10,https://www.topcpu.net/cpu/intel-core-ultra-5-245k
150,Intel Core Ultra 5 235,17846,14,14,3.4GHz,2024.12,https://www.topcpu.net/cpu/intel-core-ultra-5-235
151,Intel Core i7 14700T,17830,20,28,1.3GHz,2024.01,https://www.topcpu.net/cpu/intel-core-i7-14700t
152,Intel Xeon Gold 5420+,17725,28,56,2GHz,2023.01,https://www.topcpu.net/cpu/intel-xeon-gold-5420
153,AMD Ryzen 7 9700F,17701,8,16,3.8GHz,2025.09,https://www.topcpu.net/cpu/amd-ryzen-7-9700f
154,Intel Core Ultra 9 386H,17693,16,16,2.1GHz,2026.01,https://www.topcpu.net/cpu/intel-core-ultra-9-386h
155,AMD Ryzen Threadripper PRO 7945WX,17669,12,24,4.7GHz,2023.10,https://www.topcpu.net/cpu/amd-ryzen-threadripper-pro-7945wx
156,Intel Core Ultra 9 285H,17644,16,16,2.9GHz,2025.01,https://www.topcpu.net/cpu/intel-core-ultra-9-285h
157,Intel Core Ultra 5 245KF,17612,14,14,4.2GHz,2024.10,https://www.topcpu.net/cpu/intel-core-ultra-5-245kf
158,Intel Core Ultra 9 275HX,17562,24,24,2.7GHz,2025.01,https://www.topcpu.net/cpu/intel-core-ultra-9-275hx
159,Intel Core Ultra X9 388H,17541,16,16,2.1GHz,2026.01,https://www.topcpu.net/cpu/intel-core-ultra-x9-388h
160,Apple M5 (8-core GPU),17501,10,10,4.61GHz,2026.03,https://www.topcpu.net/cpu/apple-m5-8-core-gpu
161,AMD Ryzen 7 9700X,17500,8,16,3.8GHz,2024.06,https://www.topcpu.net/cpu/amd-ryzen-7-9700x
162,Intel Xeon Platinum 8458P,17458,44,88,2.7GHz,2023.01,https://www.topcpu.net/cpu/intel-xeon-platinum-8458p
163,Intel Core 7 251TE,17439,24,32,1.4GHz,2025.01,https://www.topcpu.net/cpu/intel-core-7-251te
164,AMD Ryzen 9 7900,17413,12,24,3.7GHz,2023.01,https://www.topcpu.net/cpu/amd-ryzen-9-7900
165,Intel Core Ultra X7 368H,17295,16,16,20GHz,2026.01,https://www.topcpu.net/cpu/intel-core-ultra-x7-368h
166,AMD EPYC 9384X,17274,32,64,3.1GHz,2023.06,https://www.topcpu.net/cpu/amd-epyc-9384x
167,Intel Core i5 14600K,17217,14,20,3.5GHz,2023.10,https://www.topcpu.net/cpu/intel-core-i5-14600k
168,AMD Ryzen AI Max 385,17206,8,16,3.6GHz,2025.01,https://www.topcpu.net/cpu/amd-ryzen-ai-max-385
169,Intel Core Ultra 5 245,17137,14,14,3.5GHz,2025.01,https://www.topcpu.net/cpu/intel-core-ultra-5-245
170,Intel Xeon w9-3595X,17118,60,120,2GHz,2024.08,https://www.topcpu.net/cpu/xeon-w9-3595x
171,Intel Core Ultra 7 265HX,17063,20,20,2.6GHz,2025.01,https://www.topcpu.net/cpu/intel-core-ultra-7-265hx
172,AMD Ryzen Threadripper Pro 3975WX,17022,32,64,3.5GHz,2020.07,https://www.topcpu.net/cpu/amd-ryzen-threadripper-pro-3975wx
173,Intel Core i9 12900K,17004,16,24,"3,2GHz",2021.10,https://www.topcpu.net/cpu/intel-core-i9-12900k
174,AMD EPYC Embedded 9554P,16998,64,128,3.1GHz,2023.03,https://www.topcpu.net/cpu/amd-epyc-embedded-9554p
175,AMD EPYC 9554P,16998,64,128,3.1GHz,2022.11,https://www.topcpu.net/cpu/amd-epyc-9554p
176,AMD EPYC 4584PX,16956,12,24,3.7GHz,2024.05,https://www.topcpu.net/cpu/amd-epyc-4584px
177,AMD Ryzen 9 7945HX3D,16913,16,32,2.3GHz,2023.08,https://www.topcpu.net/cpu/amd-ryzen-9-7945hx3d
178,AMD EPYC 9184X,16905,16,32,3.55GHz,2023.06,https://www.topcpu.net/cpu/amd-epyc-9184x
179,Intel Core Ultra 7 270HX Plus,16892,20,20,2.4GHz,2026.01,https://www.topcpu.net/cpu/intel-core-ultra-7-270hx-plus
180,Intel Core Ultra X7 358H,16889,16,16,1.9GHz,2026.01,https://www.topcpu.net/cpu/intel-core-ultra-x7-358h
181,AMD EPYC 4464P,16851,12,24,3.7GHz,2024.05,https://www.topcpu.net/cpu/amd-epyc-4464p
182,Intel Core i9 13980HX,16825,24,32,2.2GHz,2023.01,https://www.topcpu.net/cpu/intel-core-i9-13980hx
183,Apple M5 (10-Core),16820,10,10,4.6GHz,2025.10,https://www.topcpu.net/cpu/apple-m5-10-core
184,Intel Xeon Gold 6426Y,16817,16,32,2.5GHz,2023.01,https://www.topcpu.net/cpu/intel-xeon-gold-6426y
185,Intel Core i9 13950HX,16815,24,32,2.2GHz,2023.01,https://www.topcpu.net/cpu/intel-core-i9-13950hx
186,Intel Xeon Platinum 8351N,16804,36,72,2.4GHz,2021.04,https://www.topcpu.net/cpu/intel-xeon-platinum-8351n
187,Intel Core i9 13900HX,16799,24,32,2.2GHz,2023.01,https://www.topcpu.net/cpu/intel-core-i9-13900hx
188,AMD Ryzen 9 8945HX,16747,16,32,2.5GHz,2025.04,https://www.topcpu.net/cpu/amd-ryzen-9-8945hx
189,Intel Core i7 14700,16746,20,28,2.1GHz,2024.01,https://www.topcpu.net/cpu/intel-core-i7-14700
190,Intel Core i5 14600KF,16707,14,20,3.5GHz,2023.10,https://www.topcpu.net/cpu/intel-core-i5-14600kf
191,AMD EPYC Embedded 9124,16674,16,32,3GHz,2023.03,https://www.topcpu.net/cpu/amd-epyc-embedded-9124
192,AMD EPYC 9124,16674,16,32,3GHz,2022.11,https://www.topcpu.net/cpu/amd-epyc-9124
193,Intel Core i7 13700F,16641,16,24,2.1GHz,2023.01,https://www.topcpu.net/cpu/intel-core-i7-13700f
194,Intel Xeon w7-2595X,16631,26,52,2.8GHz,2024.08,https://www.topcpu.net/cpu/xeon-w7-2595x
195,Intel Core i5 13600KF,16556,14,20,3.5GHz,2022.09,https://www.topcpu.net/cpu/intel-core-i5-13600kf
196,Intel Xeon w7-2495X,16508,24,48,2.5GHz,2023.02,https://www.topcpu.net/cpu/intel-xeon-w7-2495x
197,AMD EPYC 8224P,16475,24,48,2.55GHz,2023.09,https://www.topcpu.net/cpu/amd-epyc-8224p
198,Intel Core i7 13700,16463,16,24,2.1GHz,2023.01,https://www.topcpu.net/cpu/intel-core-i7-13700
199,AMD Ryzen Threadripper 3990X,16457,64,128,2.9GHz,2020.01,https://www.topcpu.net/cpu/amd-ryzen-threadripper-3990x
200,Intel Xeon w5-2465X,16392,16,32,3.1GHz,2023.02,https://www.topcpu.net/cpu/intel-xeon-w5-2465x
201,Intel Core i9 14900T,16385,24,32,1.1GHz,2024.01,https://www.topcpu.net/cpu/intel-core-i9-14900t
202,Intel Xeon Platinum 8490H,16308,60,120,1.9GHz,2023.01,https://www.topcpu.net/cpu/intel-xeon-platinum-8490h
203,Intel Core i9-14901KE,16308,8,16,3.8GHz,2024.07,https://www.topcpu.net/cpu/intel-core-i9-14901ke
204,AMD EPYC 75F3,16249,32,64,2.95GHz,2021.03,https://www.topcpu.net/cpu/amd-epyc-75f3
205,Intel Xeon Platinum 8468H,16238,48,96,2.1GHz,2023.01,https://www.topcpu.net/cpu/intel-xeon-platinum-8468h
206,AMD Ryzen Threadripper PRO 5955WX,16222,16,32,4GHz,2022.03,https://www.topcpu.net/cpu/amd-ryzen-threadripper-pro-5955wx
207,AMD Ryzen 9 Pro 9945,16188,12,24,3.4GHz,2026.01,https://www.topcpu.net/cpu/amd-ryzen-9-pro-9945
208,Intel Core i9 12900KF,16130,16,24,3.2GHz,2021.10,https://www.topcpu.net/cpu/intel-core-i9-12900kf
209,Intel Core i5 14600,16103,14,20,2.7GHz,2024.01,https://www.topcpu.net/cpu/intel-core-i5-14600
210,Intel Core Ultra 7 366H,16088,16,16,2.0GHz,2026.01,https://www.topcpu.net/cpu/intel-core-ultra-7-366h
211,Qualcomm Snapdragon X2 Elite (X2E 84 100),16025,12,12,3.4GHz,2025.09,https://www.topcpu.net/cpu/qualcomm-snapdragon-x2-elite-x2e-84-100
212,Intel Core i5 13600K,15985,14,20,3.5GHz,2022.09,https://www.topcpu.net/cpu/intel-core-i5-13600k
213,Intel Xeon Platinum 8380,15976,40,80,2.3GHz,2021.04,https://www.topcpu.net/cpu/intel-xeon-platinum-8380
214,AMD Ryzen AI 9 HX 370,15976,12,24,2.0GHz,2024.06,https://www.topcpu.net/cpu/amd-ryzen-ai-9-hx-370
215,AMD Ryzen AI Max Pro 390,15953,12,24,3.2GHz,2025.01,https://www.topcpu.net/cpu/amd-ryzen-ai-max-pro-390
216,Intel Core i7 14700HX,15894,20,28,2.1GHz,2024.01,https://www.topcpu.net/cpu/intel-core-i7-14700hx
217,Intel Core Ultra 7 255HX,15879,20,20,2.4GHz,2025.01,https://www.topcpu.net/cpu/intel-core-ultra-7-255hx
218,AMD Ryzen Embedded 7700X,15862,8,16,4.5GHz,2023.11,https://www.topcpu.net/cpu/amd-ryzen-embedded-7700x
219,AMD EPYC 7473X,15829,24,48,2.8GHz,2022.03,https://www.topcpu.net/cpu/amd-epyc-7473x
220,Intel Xeon W-3375,15788,38,76,2.5GHz,2021.07,https://www.topcpu.net/cpu/intel-xeon-w-3375
221,AMD EPYC 7373X,15766,16,32,3.05GHz,2022.03,https://www.topcpu.net/cpu/amd-epyc-7373x
222,AMD EPYC 4345P,15752,8,16,3.8GHz,2025.05,https://www.topcpu.net/cpu/epyc-4345p
223,AMD EPYC 4464P,15737,12,24,3.7GHz,2024.05,https://www.topcpu.net/cpu/epyc-4464p
224,Intel Core Ultra 7 255H,15662,16,16,2.0GHz,2025.01,https://www.topcpu.net/cpu/intel-core-ultra-7-255h
225,AMD EPYC 4364P,15658,8,16,4.5GHz,2024.05,https://www.topcpu.net/cpu/epyc-4364p
226,AMD Ryzen 9 7940HX,15655,16,32,2.4GHz,2024.01,https://www.topcpu.net/cpu/amd-ryzen-9-7940hx
227,AMD Ryzen Embedded 7945,15625,12,24,3.7GHz,2023.11,https://www.topcpu.net/cpu/amd-ryzen-embedded-7945
228,Intel Xeon w7-3465X,15617,28,56,2.5GHz,2023.02,https://www.topcpu.net/cpu/intel-xeon-w7-3465x
229,AMD Ryzen AI Max Pro 380,15608,6,12,3.6GHz,2025.01,https://www.topcpu.net/cpu/amd-ryzen-ai-max-pro-380
230,Intel Xeon E-2488,15562,8,16,3.2GHz,2023.12,https://www.topcpu.net/cpu/xeon-e-2488
231,Intel Core i9 12900KS,15546,16,24,3.4GHz,2022.04,https://www.topcpu.net/cpu/intel-core-i9-12900ks
232,AMD Ryzen AI 9 HX 475,15489,12,24,2.0GHz,2026.01,https://www.topcpu.net/cpu/amd-ryzen-ai-9-hx-475
233,AMD Ryzen AI 9 HX 470,15457,12,24,2.0GHz,2026.01,https://www.topcpu.net/cpu/amd-ryzen-ai-9-hx-470
234,Intel Core i7 12700KF,15374,12,20,3.6GHz,2021.10,https://www.topcpu.net/cpu/intel-core-i7-12700kf
235,Intel Core i5 14600T,15337,14,20,1.8GHz,2024.01,https://www.topcpu.net/cpu/intel-core-i5-14600t
236,AMD EPYC 4545P,15309,16,32,3GHz,2025.05,https://www.topcpu.net/cpu/epyc-4545p
237,AMD Ryzen 9 8940HX,15308,16,32,2.4GHz,2025.04,https://www.topcpu.net/cpu/amd-ryzen-9-8940hx
238,AMD EPYC 4564P,15303,16,32,4.5GHz,2024.05,https://www.topcpu.net/cpu/epyc-4564p
239,Intel Core Ultra 7 356H,15294,16,16,1.9GHz,2026.01,https://www.topcpu.net/cpu/intel-core-ultra-7-356h
240,Intel Core i7 14650HX,15271,16,24,2.2GHz,2024.01,https://www.topcpu.net/cpu/intel-core-i7-14650hx
241,Intel Xeon Platinum 8454H,15255,32,64,2.1GHz,2023.01,https://www.topcpu.net/cpu/intel-xeon-platinum-8454h
242,Qualcomm Snapdragon X Elite,15226,12,12,3.8GHz,2023.10,https://www.topcpu.net/cpu/qualcomm-snapdragon-x-elite
243,Qualcomm Snapdragon X Elite (X1E-84-100),15200,12,12,3.8GHz,2023.10,https://www.topcpu.net/cpu/qualcomm-snapdragon-x-elite-x1e-84-100
244,AMD Ryzen AI 9 HX 375,15125,12,24,2.0GHz,2024.07,https://www.topcpu.net/cpu/amd-ryzen-ai-9-hx-375
245,Apple M4 10 Core,15114,10,10,4.41GHz,2024.05,https://www.topcpu.net/cpu/apple-m4-10-core
246,Intel Xeon w5-2565X,15096,18,36,3.2GHz,2024.08,https://www.topcpu.net/cpu/xeon-w5-2565x
247,Apple M3 Pro,15083,12,12,4.05GHz,2023.10,https://www.topcpu.net/cpu/apple-m3-pro
248,Intel Xeon w5-3525,15077,16,32,3.2GHz,2024.08,https://www.topcpu.net/cpu/xeon-w5-3525
249,AMD Ryzen 7 7745HX,15066,8,16,3.6GHz,2023.01,https://www.topcpu.net/cpu/amd-ryzen-7-7745hx
250,AMD Ryzen 5 9600X,15031,6,12,3.9GHz,2024.06,https://www.topcpu.net/cpu/amd-ryzen-5-9600x
251,Intel Xeon Gold 6314U,14993,32,64,2.3GHz,2021.04,https://www.topcpu.net/cpu/intel-xeon-gold-6314u
252,Apple M2 Max,14905,12,12,3.5GHz,2023.01,https://www.topcpu.net/cpu/apple-m2-max
253,AMD EPYC 9115,14883,16,32,2.6GHz,2024.10,https://www.topcpu.net/cpu/amd-epyc-9115
254,Intel Core i5 14500,14869,14,20,2.6GHz,2024.01,https://www.topcpu.net/cpu/intel-core-i5-14500
255,AMD Ryzen AI 9 365,14860,10,20,2.0GHz,2024.06,https://www.topcpu.net/cpu/amd-ryzen-ai-9-365
256,Intel Core i9 13900HK,14855,14,20,2.6GHz,2023.01,https://www.topcpu.net/cpu/intel-core-i9-13900hk
257,AMD Ryzen 7 7700X,14853,8,16,4.5GHz,2022.09,https://www.topcpu.net/cpu/amd-ryzen-7-7700x
258,Intel Xeon Gold 6538N,14831,32,64,2.1GHz,2023.12,https://www.topcpu.net/cpu/intel-xeon-gold-6538n
259,AMD Ryzen 7 Pro 9745,14824,8,16,3.8GHz,2026.01,https://www.topcpu.net/cpu/amd-ryzen-7-pro-9745
260,AMD Ryzen 5 9600,14815,6,12,3.8GHz,2025.02,https://www.topcpu.net/cpu/amd-ryzen-5-9600
261,Intel Core 7 251E,14780,24,32,2.1GHz,2025.01,https://www.topcpu.net/cpu/intel-core-7-251e
262,Intel Core Ultra 7 251HX,14777,18,18,,2026.04,https://www.topcpu.net/cpu/intel-core-ultra-7-251hx
263,Intel Xeon Gold 5520+,14750,28,56,2.2GHz,2023.12,https://www.topcpu.net/cpu/intel-xeon-gold-5520
264,Intel Xeon w7-2475X,14749,20,40,2.6GHz,2023.02,https://www.topcpu.net/cpu/intel-xeon-w7-2475x
265,Intel Xeon 6353P,14749,8,16,2.7GHz,2025.02,https://www.topcpu.net/cpu/xeon-6353p
266,AMD Ryzen Threadripper PRO 5945WX,14741,12,24,4.1GHz,2022.03,https://www.topcpu.net/cpu/amd-ryzen-threadripper-pro-5945wx
267,Intel Core i7 12700K,14728,12,20,3.6GHz,2021.10,https://www.topcpu.net/cpu/intel-core-i7-12700k
268,Intel Core i9 13900H,14727,14,20,2.6GHz,2023.01,https://www.topcpu.net/cpu/intel-core-i9-13900h
269,Intel Core Ultra 5 225F,14714,10,10,3.3GHz,2024.12,https://www.topcpu.net/cpu/intel-core-ultra-5-225f
270,AMD Ryzen 7 7800X3D,14702,8,16,4.4GHz,2023.01,https://www.topcpu.net/cpu/amd-ryzen-7-7800x3d
271,Intel Xeon Gold 5318N,14660,24,48,2.1GHz,2021.04,https://www.topcpu.net/cpu/intel-xeon-gold-5318n
272,AMD EPYC Embedded 8224P,14621,24,48,2.55GHz,2023.09,https://www.topcpu.net/cpu/epyc-embedded-8224p
273,AMD EPYC 4245P,14616,6,12,3.9GHz,2025.05,https://www.topcpu.net/cpu/epyc-4245p
274,Qualcomm Snapdragon X Elite (X1E-80-100),14595,12,12,3.4GHz,2023.10,https://www.topcpu.net/cpu/qualcomm-snapdragon-x-elite-x1e-80-100
275,Intel Xeon w7-3445,14583,20,40,2.5GHz,2023.02,https://www.topcpu.net/cpu/intel-xeon-w7-3445
276,Intel Core i7 13700HX,14548,16,24,2.1GHz,2023.01,https://www.topcpu.net/cpu/intel-core-i7-13700hx
277,Intel Core Ultra 7 265H,14531,16,16,2.2GHz,2025.01,https://www.topcpu.net/cpu/intel-core-ultra-7-265h
278,AMD Ryzen 9 PRO 7945,14516,12,24,3.7GHz,2023.06,https://www.topcpu.net/cpu/amd-ryzen-9-pro-7945
279,Intel Xeon Gold 6554S,14516,36,72,2.2GHz,2023.12,https://www.topcpu.net/cpu/xeon-gold-6554s
280,Intel Xeon Gold 6554S,14516,36,72,2.2GHz,2023.12,https://www.topcpu.net/cpu/intel-xeon-gold-6554s
281,AMD EPYC 4364P,14502,8,16,4.5GHz,2024.05,https://www.topcpu.net/cpu/amd-epyc-4364p
282,Intel Core Ultra 5 245T,14476,14,14,2.2GHz,2025.01,https://www.topcpu.net/cpu/intel-core-ultra-5-245t
283,Intel Core Ultra 5 225T,14449,10,10,2.5GHz,2025.01,https://www.topcpu.net/cpu/intel-core-ultra-5-225t
284,Intel Core Ultra 5 338H,14448,12,12,1.9GHz,2026.01,https://www.topcpu.net/cpu/intel-core-ultra-5-338h
285,Intel Core i9 12900HX,14447,16,24,2.3GHz,2022.05,https://www.topcpu.net/cpu/intel-core-i9-12900hx
286,AMD EPYC 9555P,14391,64,128,3.2GHz,2024.10,https://www.topcpu.net/cpu/amd-epyc-9555p
287,Qualcomm Snapdragon X2 Plus (X2P 64 100),14380,10,10,3.4GHz,2026.01,https://www.topcpu.net/cpu/qualcomm-snapdragon-x2-plus-x2p-64-100
288,AMD Ryzen 7 8700G,14342,8,16,4.3GHz,2024.01,https://www.topcpu.net/cpu/amd-ryzen-7-8700g
289,AMD EPYC Embedded 8124P,14324,16,32,2.45GHz,2023.09,https://www.topcpu.net/cpu/epyc-embedded-8124p
290,AMD Ryzen 7 8700F,14317,8,16,4.1GHz,2024.05,https://www.topcpu.net/cpu/amd-ryzen-7-8700f
291,AMD Ryzen AI Max Pro 385,14307,8,16,3.6GHz,2025.01,https://www.topcpu.net/cpu/amd-ryzen-ai-max-pro-385
292,AMD Ryzen 5 7600,14277,6,12,3.8GHz,2023.01,https://www.topcpu.net/cpu/amd-ryzen-5-7600
293,Apple M2 Pro,14275,12,12,3.5GHz,2023.01,https://www.topcpu.net/cpu/apple-m2-pro
294,Intel Core i9 12950HX,14260,16,24,2.3GHz,2022.05,https://www.topcpu.net/cpu/intel-core-i9-12950hx
295,AMD Ryzen 5 9500F,14235,6,12,3.8GHz,2025.09,https://www.topcpu.net/cpu/amd-ryzen-5-9500f
296,AMD Ryzen AI 9 465,14233,10,20,2.0GHz,2026.01,https://www.topcpu.net/cpu/amd-ryzen-ai-9-465
297,Intel Xeon w5-3535X,14217,20,40,2.9GHz,2024.08,https://www.topcpu.net/cpu/xeon-w5-3535x
298,Intel Core i9 14901E,14185,8,16,2.8GHz,2024.07,https://www.topcpu.net/cpu/intel-core-i9-14901e
299,Intel Xeon Gold 6448H,14098,32,64,2.4GHz,2023.01,https://www.topcpu.net/cpu/intel-xeon-gold-6448h
300,Intel Xeon Gold 6342,14098,24,48,2.8GHz,2021.04,https://www.topcpu.net/cpu/intel-xeon-gold-6342
301,Qualcomm Snapdragon X Elite (X1E-78-100),14047,12,12,3.4GHz,2023.10,https://www.topcpu.net/cpu/qualcomm-snapdragon-x-elite-x1e-78-100
302,Intel Core Ultra 5 225,14010,10,10,3.3GHz,2024.12,https://www.topcpu.net/cpu/intel-core-ultra-5-225
303,AMD Ryzen Threadripper PRO 5975WX,13993,32,64,3.6GHz,2022.03,https://www.topcpu.net/cpu/amd-ryzen-threadripper-pro-5975wx
304,Intel Xeon Gold 6312U,13961,24,48,2.4GHz,2021.04,https://www.topcpu.net/cpu/intel-xeon-gold-6312u
305,Intel Xeon w7-3555,13936,28,56,2.7GHz,2024.08,https://www.topcpu.net/cpu/xeon-w7-3555
306,Intel Core 7 250H,13933,14,20,2.5GHz,2024.12,https://www.topcpu.net/cpu/intel-core-7-250h
307,AMD Ryzen 9 5950X,13903,16,32,3.4GHz,2020.10,https://www.topcpu.net/cpu/amd-ryzen-9-5950x
308,Intel Xeon Gold 6338N,13894,32,64,2.2GHz,2021.04,https://www.topcpu.net/cpu/intel-xeon-gold-6338n
309,Intel Core Ultra 5 336H,13891,12,12,1.9GHz,2026.01,https://www.topcpu.net/cpu/intel-core-ultra-5-336h
310,AMD Ryzen Embedded 7745,13865,8,16,3.8GHz,2023.11,https://www.topcpu.net/cpu/amd-ryzen-embedded-7745
311,Intel Core i5 13490F,13862,10,16,2.5GHz,2023.02,https://www.topcpu.net/cpu/intel-core-i5-13490f
312,AMD Ryzen 7 7700,13858,8,16,3.8GHz,2023.01,https://www.topcpu.net/cpu/amd-ryzen-7-7700
313,Intel Xeon Gold 5318Y,13846,24,48,2.1GHz,2021.04,https://www.topcpu.net/cpu/intel-xeon-gold-5318y
314,AMD EPYC 7J13,13812,64,128,2.55GHz,2021.01,https://www.topcpu.net/cpu/amd-epyc-7j13
315,Intel Core i5-14490F,13801,10,16,2.5GHz,2024.01,https://www.topcpu.net/cpu/intel-core-i5-14490f
316,Intel Core Ultra 5 235H,13788,14,14,2.4GHz,2025.01,https://www.topcpu.net/cpu/intel-core-ultra-5-235h
317,Intel Core i5 13600,13739,14,20,2.7GHz,2023.01,https://www.topcpu.net/cpu/intel-core-i5-13600
318,AMD EPYC 7763,13737,64,128,2.45GHz,2021.03,https://www.topcpu.net/cpu/amd-epyc-7763
319,Intel Xeon Platinum 8260M,13703,24,48,2.4GHz,2018.12,https://www.topcpu.net/cpu/xeon-platinum-8260m
320,Intel Core i9 12900F,13687,16,24,2.4GHz,2022.01,https://www.topcpu.net/cpu/intel-core-i9-12900f
321,Intel Core i7 13790F,13673,16,24,2.1GHz,2023.02,https://www.topcpu.net/cpu/intel-core-i7-13790f
322,Intel Core i7 13650HX,13670,14,20,2.6GHz,2023.01,https://www.topcpu.net/cpu/intel-core-i7-13650hx
323,AMD Ryzen AI 7 450,13669,8,16,2.0GHz,2026.01,https://www.topcpu.net/cpu/amd-ryzen-ai-7-450
324,Apple M4 8 Core,13664,8,8,4.41GHz,2024.10,https://www.topcpu.net/cpu/apple-m4-8-core
325,AMD Ryzen Threadripper Pro 3995WX,13638,16,32,3.9GHz,2020.07,https://www.topcpu.net/cpu/amd-ryzen-threadripper-pro-3995wx
326,AMD Ryzen Threadripper Pro 3955WX,13630,16,32,3.9GHz,2020.07,https://www.topcpu.net/cpu/amd-ryzen-threadripper-pro-3955wx
327,Intel Core Ultra 9 185H,13624,16,22,2.3GHz,2023.12,https://www.topcpu.net/cpu/intel-core-ultra-9-185h
328,Intel Xeon Gold 6534,13621,8,16,3.9GHz,2023.12,https://www.topcpu.net/cpu/intel-xeon-gold-6534
329,AMD Ryzen 7 PRO 7745,13615,8,16,3.8GHz,2023.06,https://www.topcpu.net/cpu/ryzen-7-pro-7745
330,AMD Ryzen 9 5900XT,13539,16,32,3.3GHz,2024.07,https://www.topcpu.net/cpu/amd-ryzen-9-5900xt
331,Intel Xeon w5-2545,13539,12,24,3.5GHz,2024.08,https://www.topcpu.net/cpu/xeon-w5-2545
332,AMD Ryzen 5 Pro 9645,13515,6,12,3.9GHz,2026.01,https://www.topcpu.net/cpu/amd-ryzen-5-pro-9645
333,Intel Xeon w9-3575X,13512,44,88,2.2GHz,2024.08,https://www.topcpu.net/cpu/xeon-w9-3575x
334,Intel Xeon Platinum 8444H,13512,16,32,2.9GHz,2023.01,https://www.topcpu.net/cpu/intel-xeon-platinum-8444h
335,Intel Core i5 14400,13466,10,16,2.5GHz,2024.01,https://www.topcpu.net/cpu/intel-core-i5-14400
336,Intel Core i5 13600HX,13448,14,20,2.6GHz,2023.01,https://www.topcpu.net/cpu/intel-core-i5-13600hx
337,Intel Xeon w7-3545,13426,24,48,2.7GHz,2023.08,https://www.topcpu.net/cpu/xeon-w7-3545
338,Intel Core Ultra 5 225H,13398,14,14,1.7GHz,2025.01,https://www.topcpu.net/cpu/intel-core-ultra-5-225h
339,Intel Core i9 12900,13396,16,24,2.4GHz,2022.01,https://www.topcpu.net/cpu/intel-core-i9-12900
340,Intel Core i7 12800HX,13378,16,24,2.0GHz,2022.05,https://www.topcpu.net/cpu/intel-core-i7-12800hx
341,AMD EPYC 7303,13363,16,32,2.4GHz,2023.09,https://www.topcpu.net/cpu/amd-epyc-7303
342,Intel Xeon Platinum 8558,13358,48,96,2.1GHz,2023.12,https://www.topcpu.net/cpu/intel-xeon-platinum-8558
343,Intel Xeon Platinum 8558,13358,48,96,2.1GHz,2023.12,https://www.topcpu.net/cpu/intel-xeon-platinum-8558
344,AMD EPYC Embedded 8324P,13349,32,64,2.65GHz,2023.09,https://www.topcpu.net/cpu/epyc-embedded-8324p
345,AMD EPYC 8324P,13349,32,64,2.65GHz,2023.09,https://www.topcpu.net/cpu/amd-epyc-8324p
346,AMD Ryzen 5 7500F,13316,6,12,3.7GHz,2023.07,https://www.topcpu.net/cpu/amd-ryzen-5-7500f
347,AMD Ryzen 9 8945HS,13316,8,16,4.0GHz,2023.12,https://www.topcpu.net/cpu/amd-ryzen-9-8945hs
348,,13297,10,10,3.4GHz,2024.09,https://www.topcpu.net/cpu/qualcomm-snapdragon-x-plus-x1p-66-100
349,AMD EPYC 9174F,13296,16,32,4.1GHz,2022.11,https://www.topcpu.net/cpu/amd-epyc-9174f
350,Intel Xeon w7-3445,13287,20,40,2.5GHz,2023.02,https://www.topcpu.net/cpu/xeon-w7-3445
351,Intel Core 7 240H,13279,10,16,2.5GHz,2024.12,https://www.topcpu.net/cpu/intel-core-7-240h
352,Intel Core 9 270H,13272,14,20,2.7GHz,2024.12,https://www.topcpu.net/cpu/intel-core-9-270h
353,AMD Ryzen 7 8845HS,13256,8,16,3.8GHz,2023.12,https://www.topcpu.net/cpu/amd-ryzen-7-8845hs
354,AMD EPYC 9475F,13246,48,96,3.65GHz,2024.10,https://www.topcpu.net/cpu/amd-epyc-9475f
355,Intel Core i7 13700H,13208,14,20,2.4GHz,2023.01,https://www.topcpu.net/cpu/intel-core-i7-13700h
356,Intel Xeon Platinum 8468V,13187,48,96,2.4GHz,2023.01,https://www.topcpu.net/cpu/intel-xeon-platinum-8468v
357,AMD Ryzen Embedded 7600X,13168,6,12,4.7GHz,2023.11,https://www.topcpu.net/cpu/amd-ryzen-embedded-7600x
358,Intel Xeon Gold 5515+,13165,8,16,3.2GHz,2023.12,https://www.topcpu.net/cpu/intel-xeon-gold-5515
359,Intel Core Ultra 5 245HX,13155,14,14,3.1GHz,2025.01,https://www.topcpu.net/cpu/intel-core-ultra-5-245hx
360,AMD Ryzen 9 8940H,13104,8,16,4.0GHz,2024.01,https://www.topcpu.net/cpu/amd-ryzen-9-8940h
361,Intel Xeon Max 9462,13062,32,64,2.7GHz,2023.01,https://www.topcpu.net/cpu/intel-xeon-max-9462
362,AMD EPYC 4244P,13013,6,12,3.8GHz,2024.05,https://www.topcpu.net/cpu/amd-epyc-4244p
363,AMD EPYC 7552,12986,48,96,2.2GHz,2019.08,https://www.topcpu.net/cpu/epyc-7552
364,Intel Core Ultra 7 165H,12985,16,22,1.4GHz,2023.12,https://www.topcpu.net/cpu/intel-core-ultra-7-165h
365,Qualcomm Snapdragon X Plus,12973,10,10,3.4GHz,2024.04,https://www.topcpu.net/cpu/qualcomm-snapdragon-x-plus
366,Qualcomm Snapdragon X Plus (X1P-64-100),12970,10,10,3.4GHz,2024.04,https://www.topcpu.net/cpu/qualcomm-snapdragon-x-plus-x1p-64-100
367,Intel Xeon w5-2445,12954,10,20,3.1GHz,2023.02,https://www.topcpu.net/cpu/intel-xeon-w5-2445
368,Intel Xeon Gold 6434,12948,8,16,3.7GHz,2023.01,https://www.topcpu.net/cpu/intel-xeon-gold-6434
369,Intel Core i9 13905H,12944,14,20,2.6GHz,2023.01,https://www.topcpu.net/cpu/intel-core-i9-13905h
370,Intel Core i5 12600KF,12937,10,16,3.7GHz,2021.10,https://www.topcpu.net/cpu/intel-core-i5-12600kf
371,AMD Ryzen Threadripper 3970X,12929,32,64,3.7GHz,2019.11,https://www.topcpu.net/cpu/amd-ryzen-threadripper-3970x
372,Intel Xeon 6746E,12915,112,112,2GHz,2024.06,https://www.topcpu.net/cpu/xeon-6746e
373,Intel Xeon E-2478,12915,8,16,2.8GHz,2023.12,https://www.topcpu.net/cpu/xeon-e-2478
374,Intel Core i7 13800H,12899,14,20,2.5GHz,2023.01,https://www.topcpu.net/cpu/intel-core-i7-13800h
375,Intel Core i5 13500HX,12886,14,20,2.5GHz,2023.01,https://www.topcpu.net/cpu/intel-core-i5-13500hx
376,Intel Core i7 12700,12863,12,20,2.1GHz,2022.01,https://www.topcpu.net/cpu/intel-core-i7-12700
377,Intel Core i5 13500E,12855,14,20,2.4GHz,2023.01,https://www.topcpu.net/cpu/intel-core-i5-13500e
378,AMD Ryzen 9 7940HS,12852,8,16,4.0GHz,2023.04,https://www.topcpu.net/cpu/amd-ryzen-9-7940hs
379,AMD Ryzen 9 7845HX,12851,12,24,3.0GHz,2023.01,https://www.topcpu.net/cpu/amd-ryzen-9-7845hx
380,AMD EPYC 9734,12850,112,224,2.2GHz,2023.06,https://www.topcpu.net/cpu/amd-epyc-9734
381,AMD Ryzen Embedded 8845HS,12796,8,16,3.8GHz,2024.04,https://www.topcpu.net/cpu/amd-ryzen-embedded-8845hs
382,AMD Ryzen 7 PRO 8845HS,12796,8,16,3.8GHz,2024.04,https://www.topcpu.net/cpu/amd-ryzen-7-pro-8845hs
383,Intel Xeon 6357P,12769,8,16,3GHz,2025.02,https://www.topcpu.net/cpu/xeon-6357p
384,Intel Core i7 12700F,12755,12,20,2.1GHz,2022.01,https://www.topcpu.net/cpu/intel-core-i7-12700f
385,Intel Core i7 13705H,12715,14,20,2.4GHz,2023.01,https://www.topcpu.net/cpu/intel-core-i7-13705h
386,AMD Ryzen 9 270,12705,8,16,4.0GHz,2025.01,https://www.topcpu.net/cpu/amd-ryzen-9-270
387,Intel Core i5 14500HX,12704,14,20,2.6GHz,2024.01,https://www.topcpu.net/cpu/intel-core-i5-14500hx
388,AMD Ryzen AI 7 350,12679,8,16,2.0GHz,2025.01,https://www.topcpu.net/cpu/amd-ryzen-ai-7-350
389,Apple M1 Max,12674,10,10,3.2GHz,2021.10,https://www.topcpu.net/cpu/apple-m1-max
390,AMD Ryzen 7 H 255,12673,8,16,3.8GHz,2025.08,https://www.topcpu.net/cpu/amd-ryzen-7-h-255
391,AMD EPYC 7F52,12651,16,32,3.5GHz,2020.04,https://www.topcpu.net/cpu/epyc-7f52
392,Intel Core i5 14400F,12609,10,16,2.5GHz,2024.01,https://www.topcpu.net/cpu/intel-core-i5-14400f
393,AMD Ryzen 9 5900X,12589,12,24,3.7GHz,2020.10,https://www.topcpu.net/cpu/amd-ryzen-9-5900x
394,Intel Core i9 12900TE,12563,16,24,1.1GHz,2022.01,https://www.topcpu.net/cpu/intel-core-i9-12900te
395,AMD EPYC 8124P,12550,16,32,2.45GHz,2023.09,https://www.topcpu.net/cpu/amd-epyc-8124p
396,Intel Xeon E-2468,12548,8,16,2.6GHz,2023.12,https://www.topcpu.net/cpu/xeon-e-2468
397,Intel Xeon Gold 6421N,12541,32,64,1.8GHz,2023.01,https://www.topcpu.net/cpu/intel-xeon-gold-6421n
398,Intel Core Ultra 7 155H,12505,16,22,1.4GHz,2023.12,https://www.topcpu.net/cpu/intel-core-ultra-7-155h
399,Intel Core Ultra 7 155HL,12505,16,22,1.4GHz,2024.04,https://www.topcpu.net/cpu/intel-core-ultra-7-155hl
400,Intel Core i5 13600H,12504,12,16,2.8GHz,2023.01,https://www.topcpu.net/cpu/intel-core-i5-13600h
401,AMD Ryzen 5 7600X,12453,6,12,4.7GHz,2022.09,https://www.topcpu.net/cpu/amd-ryzen-5-7600x
402,AMD Ryzen 5 8600G,12453,6,12,4.3GHz,2024.01,https://www.topcpu.net/cpu/amd-ryzen-5-8600g
403,AMD Ryzen 5 7600X3D,12403,6,12,4.1GHz,2024.09,https://www.topcpu.net/cpu/amd-ryzen-5-7600x3d
404,AMD Ryzen 5 PRO 7645,12396,6,12,3.8GHz,2023.06,https://www.topcpu.net/cpu/ryzen-5-pro-7645
405,Intel Core i9 12900T,12384,16,24,1.4GHz,2022.01,https://www.topcpu.net/cpu/intel-core-i9-12900t
406,Intel Core i5 13450HX,12353,10,16,2.4GHz,2023.01,https://www.topcpu.net/cpu/intel-core-i5-13450hx
407,Intel Xeon Platinum 8592V,12348,64,128,2GHz,2023.12,https://www.topcpu.net/cpu/intel-xeon-platinum-8592v
408,Intel Core i7 13620H,12301,10,16,2.4GHz,2023.01,https://www.topcpu.net/cpu/intel-core-i7-13620h
409,AMD EPYC 7C13,12279,64,128,2GHz,2021.01,https://www.topcpu.net/cpu/amd-epyc-7c13
410,Intel Core 5 220H,12238,12,16,2.7GHz,2024.12,https://www.topcpu.net/cpu/intel-core-5-220h
411,AMD Ryzen 5 7400F,12238,6,12,3.7GHz,2025.01,https://www.topcpu.net/cpu/amd-ryzen-5-7400f
412,Intel Core i5 12600K,12188,10,16,3.7GHz,2021.10,https://www.topcpu.net/cpu/intel-core-i5-12600k
413,Intel Core i7 12850HX,12173,16,24,2.1GHz,2022.05,https://www.topcpu.net/cpu/intel-core-i7-12850hx
414,Intel Xeon Platinum 8481C,12173,56,112,2GHz,2023.01,https://www.topcpu.net/cpu/xeon-platinum-8481c
415,Intel Core i9 12900HK,12172,14,20,2.5GHz,2022.01,https://www.topcpu.net/cpu/intel-core-i9-12900hk
416,Intel Core Ultra 5 235HX,12142,14,14,2.9GHz,2025.01,https://www.topcpu.net/cpu/intel-core-ultra-5-235hx
417,Intel Xeon w3-2535,12112,10,20,3.5GHz,2024.08,https://www.topcpu.net/cpu/xeon-w3-2535
418,Intel Xeon Platinum 8558P,12101,48,96,2.7GHz,2023.12,https://www.topcpu.net/cpu/intel-xeon-platinum-8558p
419,Intel Xeon Gold 6326,12085,16,32,2.9GHz,2021.04,https://www.topcpu.net/cpu/intel-xeon-gold-6326
420,AMD Ryzen 7 7840HS,12085,8,16,3.8GHz,2023.04,https://www.topcpu.net/cpu/amd-ryzen-7-7840hs
421,Intel Core i7 12650HX,12081,14,20,2.0GHz,2022.05,https://www.topcpu.net/cpu/intel-core-i7-12650hx
422,Intel Xeon W-3345,12075,24,48,3GHz,2021.07,https://www.topcpu.net/cpu/intel-xeon-w-3345
423,AMD Ryzen AI 7 PRO 350,12017,8,16,2GHz,2025.01,https://www.topcpu.net/cpu/amd-ryzen-ai-7-pro-350
424,Intel Core Ultra 5 235T,12015,14,14,2.2GHz,2025.01,https://www.topcpu.net/cpu/intel-core-ultra-5-235t
425,Intel Core i9 12900H,11973,14,20,2.5GHz,2022.01,https://www.topcpu.net/cpu/intel-core-i9-12900h
426,Qualcomm Snapdragon X2 Plus (X2P 42 100),11952,6,6,3.4GHz,2026.01,https://www.topcpu.net/cpu/qualcomm-snapdragon-x2-plus-x2p-42-100
427,AMD Ryzen AI 7 Pro 360,11926,8,16,2.0GHz,2024.10,https://www.topcpu.net/cpu/amd-ryzen-ai-7-pro-360
428,Intel Xeon Platinum 8360H,11918,24,48,3GHz,2021.04,https://www.topcpu.net/cpu/intel-xeon-platinum-8360h
429,AMD Ryzen 5 7645HX,11906,6,12,4.0GHz,2023.01,https://www.topcpu.net/cpu/amd-ryzen-5-7645hx
430,Intel Xeon w5-3425,11861,12,24,3.2GHz,2023.02,https://www.topcpu.net/cpu/intel-xeon-w5-3425
431,AMD Ryzen Z2 Extreme,11860,8,16,2.0GHz,2025.06,https://www.topcpu.net/cpu/amd-ryzen-z2-extreme
432,AMD Ryzen 7 Pro 7840HS,11851,8,16,3.8GHz,2023.06,https://www.topcpu.net/cpu/amd-ryzen-7-pro-7840hs
433,Intel Core i5 14450HX,11849,10,16,2.4GHz,2024.01,https://www.topcpu.net/cpu/intel-core-i5-14450hx
434,Intel Xeon Gold 6434H,11816,8,16,3.7GHz,2023.01,https://www.topcpu.net/cpu/intel-xeon-gold-6434h
435,AMD Ryzen 7 7840H,11813,8,16,3.8GHz,2023.01,https://www.topcpu.net/cpu/amd-ryzen-7-7840h
436,Intel Core i7 13700T,11810,16,24,1.4GHz,2023.01,https://www.topcpu.net/cpu/intel-core-i7-13700t
437,Apple M3,11805,8,8,4.05GHz,2023.10,https://www.topcpu.net/cpu/apple-m3
438,Intel Core Ultra 5 135H,11782,14,18,1.7GHz,2023.12,https://www.topcpu.net/cpu/intel-core-ultra-5-135h
439,Intel Xeon Gold 5512U,11739,28,56,2.1GHz,2023.12,https://www.topcpu.net/cpu/intel-xeon-gold-5512u
440,AMD EPYC 7502,11663,32,64,2.5GHz,2019.08,https://www.topcpu.net/cpu/amd-epyc-7502
441,Intel Xeon Gold 5415+,11604,8,16,2.9GHz,2023.01,https://www.topcpu.net/cpu/intel-xeon-gold-5415
442,AMD Ryzen Embedded 7645,11602,6,12,3.8GHz,2023.11,https://www.topcpu.net/cpu/amd-ryzen-embedded-7645
443,AMD Ryzen 7 8840HS,11597,8,16,3.3GHz,2023.12,https://www.topcpu.net/cpu/amd-ryzen-7-8840hs
444,AMD Ryzen 5 7500X3D,11553,6,12,4GHz,2025.11,https://www.topcpu.net/cpu/amd-ryzen-5-7500x3d
445,Intel Xeon 654,11551,18,36,3.1GHz,2026.02,https://www.topcpu.net/cpu/intel-xeon-654
446,AMD Ryzen 7 PRO 8840HS,11550,8,16,3.3GHz,2024.04,https://www.topcpu.net/cpu/amd-ryzen-7-pro-8840hs
447,AMD Ryzen AI 5 340,11544,6,12,2.0GHz,2025.01,https://www.topcpu.net/cpu/amd-ryzen-ai-5-340
448,Intel Xeon Platinum 8592+,11523,64,128,1.9GHz,2023.12,https://www.topcpu.net/cpu/intel-xeon-platinum-8592
449,AMD Ryzen 7 7840U,11518,8,16,3.3GHz,2023.05,https://www.topcpu.net/cpu/amd-ryzen-7-7840u
450,Intel Core i5-14501TE,11510,6,12,2.2GHz,2024.07,https://www.topcpu.net/cpu/intel-core-i5-14501te
451,AMD Ryzen 7 8840U,11498,8,16,3.3GHz,2023.12,https://www.topcpu.net/cpu/amd-ryzen-7-8840u
452,AMD Ryzen 5 130,11454,6,12,2.9GHz,2025.10,https://www.topcpu.net/cpu/amd-ryzen-5-130
453,Intel Xeon Silver 4416+,11440,20,40,2GHz,2023.01,https://www.topcpu.net/cpu/intel-xeon-silver-4416
454,AMD EPYC 72F3,11422,8,16,3.7GHz,2021.03,https://www.topcpu.net/cpu/amd-epyc-72f3
455,Intel Core i9 7980XE,11418,18,36,2.6GHz,2017.09,https://www.topcpu.net/cpu/intel-core-i9-7980xe
456,AMD Ryzen 9 Pro 7940HS,11415,8,16,4.0GHz,2023.06,https://www.topcpu.net/cpu/amd-ryzen-9-pro-7940hs
457,AMD EPYC 7Y43,11408,48,96,2.55GHz,2021.01,https://www.topcpu.net/cpu/amd-epyc-7y43
458,Intel Core i7 1370P,11394,14,20,1.9GHz,2023.01,https://www.topcpu.net/cpu/intel-core-i7-1370p
459,AMD Ryzen 9 3950X,11374,16,32,3.5GHz,2019.11,https://www.topcpu.net/cpu/amd-ryzen-9-3950x
460,AMD EPYC 7642,11362,48,96,2.4GHz,2019.08,https://www.topcpu.net/cpu/amd-epyc-7642
461,Qualcomm Snapdragon X Plus X1P 46 100,11351,8,8,3.4GHz,2024.09,https://www.topcpu.net/cpu/qualcomm-snapdragon-x-plus-x1p-46-100
462,AMD Ryzen Threadripper 3960X,11304,24,48,3.8GHz,2019.11,https://www.topcpu.net/cpu/amd-ryzen-threadripper-3960x
463,Intel Core i9 10940X,11287,14,28,3.3GHz,2019.10,https://www.topcpu.net/cpu/intel-core-i9-10940x
464,AMD Ryzen AI 7 445,11286,6,12,2.0GHz,2026.01,https://www.topcpu.net/cpu/amd-ryzen-ai-7-445
465,Intel Core i7 12700H,11276,14,20,2.3GHz,2022.01,https://www.topcpu.net/cpu/intel-core-i7-12700h
466,AMD Ryzen 5 Pro 8600G,11266,6,12,4.3GHz,2024.04,https://www.topcpu.net/cpu/amd-ryzen-5-pro-8600g
467,Intel Core i5 13500H,11254,12,16,2.6GHz,2023.01,https://www.topcpu.net/cpu/intel-core-i5-13500h
468,Intel Core i5 13400,11253,10,16,2.5GHz,2023.01,https://www.topcpu.net/cpu/intel-core-i5-13400
469,Intel Core Ultra 7 265U,11234,12,14,2.1GHz,2025.01,https://www.topcpu.net/cpu/intel-core-ultra-7-265u
470,AMD Ryzen Z1 Extreme,11212,8,16,3.3GHz,2024.04,https://www.topcpu.net/cpu/amd-ryzen-z1-extreme
471,AMD Ryzen AI Z2 Extreme,11204,8,16,2.0GHz,2025.06,https://www.topcpu.net/cpu/amd-ryzen-ai-z2-extreme
472,Intel Core i9 11900K,11197,8,16,3.5GHz,2021.03,https://www.topcpu.net/cpu/intel-core-i9-11900k
473,AMD Ryzen 7 5800X3D,11193,8,16,3.4GHz,2022.03,https://www.topcpu.net/cpu/amd-ryzen-7-5800x3d
474,Qualcomm Snapdragon X Plus (X1P-42-100),11193,8,8,3.2GHz,2024.09,https://www.topcpu.net/cpu/qualcomm-snapdragon-x-plus-x1p-42-100
475,Intel Xeon 6766E,11106,144,144,1.9GHz,2024.06,https://www.topcpu.net/cpu/xeon-6766e
476,Intel Core i9 9980XE,11091,18,36,3.0GHz,2018.10,https://www.topcpu.net/cpu/intel-core-i9-9980xe
477,AMD Ryzen 5 8500G,11079,6,12,3.5GHz,2024.01,https://www.topcpu.net/cpu/amd-ryzen-5-8500g
478,Intel Core i5 13400TE,11079,10,16,1.3GHz,2023.01,https://www.topcpu.net/cpu/intel-core-i5-13400te
479,Intel Xeon Gold 6526Y,11075,16,32,2.8GHz,2023.12,https://www.topcpu.net/cpu/intel-xeon-gold-6526y
480,Intel Xeon w5-2455X,11071,12,24,3.2GHz,2023.02,https://www.topcpu.net/cpu/intel-xeon-w5-2455x
481,Intel Core i9 10980XE,11069,18,36,3.0GHz,2019.10,https://www.topcpu.net/cpu/intel-core-i9-10980xe
482,Intel Core Ultra 9 288V,11065,8,8,3.3GHz,2024.09,https://www.topcpu.net/cpu/intel-core-ultra-9-288v
483,AMD Ryzen 7 PRO 7840U,11027,8,16,3.3GHz,2023.06,https://www.topcpu.net/cpu/amd-ryzen-7-pro-7840u
484,AMD Ryzen 9 3900XT,11025,12,24,3.8GHz,2020.07,https://www.topcpu.net/cpu/amd-ryzen-9-3900xt
485,AMD Ryzen 7 8745HS,11024,8,16,3.8GHz,2024.07,https://www.topcpu.net/cpu/amd-ryzen-7-8745hs
486,Intel Xeon w7-3455,11021,24,48,2.5GHz,2023.02,https://www.topcpu.net/cpu/intel-xeon-w7-3455
487,Intel Xeon W-1390P,11002,8,16,3.5GHz,2021.05,https://www.topcpu.net/cpu/xeon-w-1390p
488,AMD Ryzen Threadripper PRO 5995WX,10982,64,128,2.7GHz,2022.03,https://www.topcpu.net/cpu/amd-ryzen-threadripper-pro-5995wx
489,AMD Ryzen Threadripper Pro 3945WX,10957,12,24,4GHz,2020.07,https://www.topcpu.net/cpu/amd-ryzen-threadripper-pro-3945wx
490,Intel Core Ultra 7 365,10956,8,8,2.3GHz,2026.01,https://www.topcpu.net/cpu/intel-core-ultra-7-365
491,Intel Core Ultra 7 255U,10941,12,14,2.0GHz,2025.01,https://www.topcpu.net/cpu/intel-core-ultra-7-255u
492,Intel Core Ultra 7 266V,10894,8,8,2.2GHz,2024.09,https://www.topcpu.net/cpu/intel-core-ultra-7-266v
493,AMD EPYC Embedded 8534P,10883,64,128,2.3GHz,2024.10,https://www.topcpu.net/cpu/epyc-embedded-8534p
494,Intel Xeon Gold 5318S,10832,24,48,2.1GHz,2021.04,https://www.topcpu.net/cpu/intel-xeon-gold-5318s
495,AMD Ryzen AI 5 440,10819,6,12,2.0GHz,2026.01,https://www.topcpu.net/cpu/amd-ryzen-ai-5-440
496,Intel Xeon Gold 6416H,10815,18,36,2.2GHz,2023.01,https://www.topcpu.net/cpu/intel-xeon-gold-6416h
497,Intel Xeon Platinum 8558U,10801,48,96,2.0GHz,2023.12,https://www.topcpu.net/cpu/intel-xeon-platinum-8558u
498,Intel Xeon Platinum 8558U,10801,48,96,2GHz,2023.12,https://www.topcpu.net/cpu/intel-xeon-platinum-8558u
499,Intel Xeon D-2899NT,10800,22,44,2.2GHz,2023.12,https://www.topcpu.net/cpu/xeon-d-2899nt
500,Intel Core Ultra 7 258V,10795,8,8,2.2GHz,2024.09,https://www.topcpu.net/cpu/intel-core-ultra-7-258v
501,AMD EPYC Embedded 9354P,10787,32,64,3.25GHz,2023.03,https://www.topcpu.net/cpu/amd-epyc-embedded-9354p
502,AMD EPYC 9354P,10787,32,64,3.25GHz,2022.11,https://www.topcpu.net/cpu/amd-epyc-9354p
503,AMD EPYC 7F72,10782,24,48,3.2GHz,2020.04,https://www.topcpu.net/cpu/amd-epyc-7f72
504,AMD Ryzen 5 8400F,10760,6,12,4.2GHz,2024.05,https://www.topcpu.net/cpu/amd-ryzen-5-8400f
505,Intel Core i7 11700KF,10758,8,16,3.6GHz,2021.03,https://www.topcpu.net/cpu/intel-core-i7-11700kf
506,Intel Xeon Gold 6444Y,10750,16,32,3.6GHz,2023.01,https://www.topcpu.net/cpu/intel-xeon-gold-6444y
507,AMD Ryzen 7 PRO 5645,10743,6,12,3.7GHz,2022.04,https://www.topcpu.net/cpu/amd-ryzen-7-pro-5645
508,Intel Core Ultra 5 125H,10738,14,18,1.2GHz,2023.12,https://www.topcpu.net/cpu/intel-core-ultra-5-125h
509,Intel Core i9 9960X,10707,16,32,3.1GHz,2018.10,https://www.topcpu.net/cpu/intel-core-i9-9960x
510,AMD Ryzen 9 3900,10707,12,24,3.1GHz,2019.09,https://www.topcpu.net/cpu/amd-ryzen-9-3900
511,Intel Xeon Platinum 8480+,10690,56,112,2GHz,2023.01,https://www.topcpu.net/cpu/intel-xeon-platinum-8480
512,AMD EPYC 7302,10652,16,32,3GHz,2019.08,https://www.topcpu.net/cpu/amd-epyc-7302
513,AMD EPYC 7402,10637,24,48,2.8GHz,2019.08,https://www.topcpu.net/cpu/amd-epyc-7402
514,AMD Ryzen 7 160,10635,8,16,2.7GHz,2025.10,https://www.topcpu.net/cpu/amd-ryzen-7-160
515,Intel Xeon E-2456,10624,6,12,3.3GHz,2023.12,https://www.topcpu.net/cpu/xeon-e-2456
516,Intel Core i7 11700K,10622,8,16,3.6GHz,2021.03,https://www.topcpu.net/cpu/intel-core-i7-11700k
517,AMD Ryzen AI 5 435G,10594,6,12,2GHz,2026.03,https://www.topcpu.net/cpu/amd-ryzen-ai-5-435g
518,AMD EPYC 7302P,10581,16,32,3GHz,2019.08,https://www.topcpu.net/cpu/amd-epyc-7302p
519,Intel Core i7 1280P,10563,14,20,1.8GHz,2022.02,https://www.topcpu.net/cpu/intel-core-i7-1280p
520,Intel Xeon E-2486,10561,6,12,3.5GHz,2023.12,https://www.topcpu.net/cpu/xeon-e-2486
521,Intel Xeon Platinum 8368,10559,38,76,2.4GHz,2021.04,https://www.topcpu.net/cpu/intel-xeon-platinum-8368
522,Intel Xeon W-3335,10557,16,32,3.4GHz,2021.07,https://www.topcpu.net/cpu/intel-xeon-w-3335
523,Intel Core i9 11980HK,10543,8,16,2.6-3.3GHz,2021.05,https://www.topcpu.net/cpu/intel-core-i9-11980hk
524,Intel Xeon Platinum 8470,10543,52,104,2GHz,2023.01,https://www.topcpu.net/cpu/intel-xeon-platinum-8470
525,Intel Core i7 12700T,10530,12,20,1.4GHz,2022.01,https://www.topcpu.net/cpu/intel-core-i7-12700t
526,Intel Core i5 12600HX,10523,12,16,2.5GHz,2022.05,https://www.topcpu.net/cpu/intel-core-i5-12600hx
527,Qualcomm Snapdragon X X1 26 100,10516,8,8,2.98GHz,2025.01,https://www.topcpu.net/cpu/qualcomm-snapdragon-x-x1-26-100
528,AMD Ryzen 5 240,10511,6,12,4.3GHz,2025.01,https://www.topcpu.net/cpu/amd-ryzen-5-240
529,Intel Core Ultra 7 256V,10506,8,8,2.2GHz,2024.09,https://www.topcpu.net/cpu/intel-core-ultra-7-256v
530,AMD Ryzen 9 3900X,10473,12,24,3.8GHz,2019.07,https://www.topcpu.net/cpu/amd-ryzen-9-3900x
531,AMD Ryzen 5 Pro 7640U,10465,6,12,3.5GHz,2023.06,https://www.topcpu.net/cpu/amd-ryzen-5-pro-7640u
532,Intel Core i5 12600,10456,6,12,3.3GHz,2022.01,https://www.topcpu.net/cpu/intel-core-i5-12600
533,Intel Xeon E-2378G,10433,8,16,2.8GHz,2021.09,https://www.topcpu.net/cpu/intel-xeon-e-2378g
534,AMD Ryzen 5 7640U,10412,6,12,3.5GHz,2023.05,https://www.topcpu.net/cpu/amd-ryzen-5-7640u
535,Intel Core 9 273PE,10407,12,24,2.3GHz,2026.03,https://www.topcpu.net/cpu/intel-core-9-273pe
536,AMD EPYC 7513,10403,32,64,2.6GHz,2021.03,https://www.topcpu.net/cpu/amd-epyc-7513
537,Intel Xeon Gold 6154,10395,18,36,3GHz,2017.07,https://www.topcpu.net/cpu/intel-xeon-gold-6154
538,AMD EPYC 7H12,10386,64,128,2.6GHz,2019.09,https://www.topcpu.net/cpu/amd-epyc-7h12
539,Intel Xeon Gold 6458Q,10381,32,64,3.1GHz,2023.01,https://www.topcpu.net/cpu/intel-xeon-gold-6458q
540,Intel Core i9 11900KF,10374,8,16,3.5GHz,2021.03,https://www.topcpu.net/cpu/intel-core-i9-11900kf
541,AMD Ryzen 5 Pro 7640HS,10372,6,12,4.3GHz,2023.06,https://www.topcpu.net/cpu/amd-ryzen-5-pro-7640hs
542,AMD Ryzen 5 8640HS,10369,6,12,3.5GHz,2023.12,https://www.topcpu.net/cpu/amd-ryzen-5-8640hs
543,Intel Core i9 12900E,10366,16,24,2.3GHz,2022.01,https://www.topcpu.net/cpu/intel-core-i9-12900e
544,AMD Ryzen Threadripper 1950X,10364,16,32,3.4GHz,2017.08,https://www.topcpu.net/cpu/amd-ryzen-threadripper-1950x
545,Intel Xeon W-3323,10359,12,24,3.5GHz,2021.07,https://www.topcpu.net/cpu/intel-xeon-w-3323
546,AMD Ryzen 5 8640U,10350,6,12,3.5GHz,2023.12,https://www.topcpu.net/cpu/amd-ryzen-5-8640u
547,Intel Core Ultra 7 268V,10338,8,8,2.2GHz,2024.09,https://www.topcpu.net/cpu/intel-core-ultra-7-268v
548,Intel Xeon E-2388G,10335,8,16,3.2GHz,2021.09,https://www.topcpu.net/cpu/intel-xeon-e-2388g
549,AMD Ryzen Embedded 8640U,10308,6,12,3.5GHz,2024.04,https://www.topcpu.net/cpu/amd-ryzen-embedded-8640u
550,AMD Ryzen 5 PRO 8640U,10308,6,12,3.5GHz,2024.04,https://www.topcpu.net/cpu/amd-ryzen-5-pro-8640u
551,AMD Ryzen 5 PRO 8645HS,10306,6,12,4.3GHz,2024.04,https://www.topcpu.net/cpu/amd-ryzen-5-pro-8645hs
552,Intel Xeon 6710E,10291,64,64,2.4GHz,2024.06,https://www.topcpu.net/cpu/xeon-6710e
553,AMD Ryzen 5 8645HS,10287,6,12,4.3GHz,2023.12,https://www.topcpu.net/cpu/amd-ryzen-5-8645hs
554,Intel Core Ultra 5 235U,10282,12,14,2.0GHz,2025.01,https://www.topcpu.net/cpu/intel-core-ultra-5-235u
555,AMD Ryzen 7 5800X,10279,8,16,3.8GHz,2020.10,https://www.topcpu.net/cpu/amd-ryzen-7-5800x
556,Intel Core Ultra 7 355,10277,8,8,2.3GHz,2026.01,https://www.topcpu.net/cpu/intel-core-ultra-7-355
557,Intel Core i9 9900X,10273,10,20,3.5GHz,2018.10,https://www.topcpu.net/cpu/intel-core-i9-9900x
558,Intel Core i5 12490F,10268,6,12,3GHz,2022.01,https://www.topcpu.net/cpu/intel-core-i5-12490f
559,Intel Core Ultra 5 236V,10265,8,8,2.1GHz,2024.09,https://www.topcpu.net/cpu/intel-core-ultra-5-236v
560,Intel Core Ultra 7 265T,10250,20,20,2.4GHz,2024.12,https://www.topcpu.net/cpu/intel-core-ultra-7-265t
561,AMD EPYC 4124P,10246,4,8,3.8GHz,2024.05,https://www.topcpu.net/cpu/amd-epyc-4124p
562,Intel Xeon Platinum 8352V,10243,36,72,2.5GHz,2021.04,https://www.topcpu.net/cpu/intel-xeon-platinum-8352v
563,Intel Core i7 1360P,10235,12,16,2.2GHz,2023.01,https://www.topcpu.net/cpu/intel-core-i7-1360p
564,Intel Core Ultra 5 228V,10235,8,8,2.1GHz,2024.09,https://www.topcpu.net/cpu/intel-core-ultra-5-228v
565,AMD Ryzen 5 8500GE,10202,6,12,3.4GHz,2024.04,https://www.topcpu.net/cpu/amd-ryzen-5-8500ge
566,AMD Ryzen 5 7640HS,10199,6,12,4.3GHz,2023.04,https://www.topcpu.net/cpu/amd-ryzen-5-7640hs
567,Intel Xeon E-2378,10195,8,16,2.6GHz,2021.09,https://www.topcpu.net/cpu/intel-xeon-e-2378
568,Intel Xeon Platinum 8354H,10191,18,36,3.1GHz,2021.04,https://www.topcpu.net/cpu/intel-xeon-platinum-8354h
569,Intel Core i7 12700E,10177,12,20,2.1GHz,2022.01,https://www.topcpu.net/cpu/intel-core-i7-12700e
570,Intel Xeon Gold 6414U,10176,32,64,2GHz,2023.01,https://www.topcpu.net/cpu/intel-xeon-gold-6414u
571,Intel Xeon D-2775TE,10151,16,32,2GHz,2022.02,https://www.topcpu.net/cpu/xeon-d-2775te
572,Intel Xeon Gold 5418N,10149,24,48,1.8GHz,2023.01,https://www.topcpu.net/cpu/intel-xeon-gold-5418n
573,Apple M2,10130,8,8,3.5GHz,2022.06,https://www.topcpu.net/cpu/apple-m2
574,Intel Core Ultra 5 238V,10130,8,8,2.1GHz,2024.09,https://www.topcpu.net/cpu/intel-core-ultra-5-238v
575,Intel Core i9 11900F,10129,8,16,2.5GHz,2021.03,https://www.topcpu.net/cpu/intel-core-i9-11900f
576,AMD Ryzen 7 170,10120,8,16,3.2GHz,2025.10,https://www.topcpu.net/cpu/amd-ryzen-7-170
577,AMD Ryzen 7 5700X3D,10101,8,16,3.0GHz,2024.01,https://www.topcpu.net/cpu/amd-ryzen-7-5700x3d
578,AMD Ryzen 9 6900HX,10086,8,16,3.3GHz,2022.01,https://www.topcpu.net/cpu/amd-ryzen-9-6900hx
579,Intel Xeon W-1370P,10069,8,16,3.6GHz,2021.05,https://www.topcpu.net/cpu/xeon-w-1370p
580,Intel Core i9-11950H,10064,8,16,2.1GHz,2021.05,https://www.topcpu.net/cpu/intel-core-i9-11950h
581,Intel Core Ultra 5 226V,10052,8,8,2.1GHz,2024.09,https://www.topcpu.net/cpu/intel-core-ultra-5-226v
582,Intel Xeon Platinum 8376H,10027,28,56,2.6GHz,2021.04,https://www.topcpu.net/cpu/intel-xeon-platinum-8376h
583,Intel Core Ultra 3 205,10013,8,8,3.8GHz,2025.08,https://www.topcpu.net/cpu/intel-core-ultra-3-205
584,AMD EPYC 8534P,10011,64,128,2.3GHz,2023.09,https://www.topcpu.net/cpu/amd-epyc-8534p
585,Intel Core 5 210H,9994,8,12,2.2GHz,2024.12,https://www.topcpu.net/cpu/intel-core-5-210h
586,AMD Ryzen AI 5 435,9989,6,12,2.0GHz,2026.01,https://www.topcpu.net/cpu/amd-ryzen-ai-5-435
587,Intel Xeon 6740E,9986,96,96,2.4GHz,2024.06,https://www.topcpu.net/cpu/xeon-6740e
588,AMD Ryzen 7 7735HS,9977,8,16,3.2GHz,2023.01,https://www.topcpu.net/cpu/amd-ryzen-7-7735hs
589,AMD Ryzen 7 260,9976,8,16,3.8GHz,2025.01,https://www.topcpu.net/cpu/amd-ryzen-7-260
590,AMD Ryzen 7 5700X,9964,8,16,3.4GHz,2022.04,https://www.topcpu.net/cpu/amd-ryzen-7-5700x
591,AMD EPYC 7203P,9953,8,16,2.8GHz,2023.09,https://www.topcpu.net/cpu/amd-epyc-7203p
592,AMD EPYC 7643,9939,48,96,2.3GHz,2021.03,https://www.topcpu.net/cpu/amd-epyc-7643
593,AMD Ryzen Embedded 8645HS,9933,6,12,4.3GHz,2024.04,https://www.topcpu.net/cpu/amd-ryzen-embedded-8645hs
594,AMD Ryzen 5 Pro 8500G,9929,6,12,4.1GHz,2024.04,https://www.topcpu.net/cpu/amd-ryzen-5-pro-8500g
595,Intel Core i5 12600H,9908,12,16,2.7GHz,2022.01,https://www.topcpu.net/cpu/intel-core-i5-12600h
596,Intel Xeon W-11955M,9895,8,16,2.1GHz,2021.05,https://www.topcpu.net/cpu/xeon-w-11955m
597,Intel Core i5-14401TE,9880,6,12,2GHz,2024.07,https://www.topcpu.net/cpu/intel-core-i5-14401te
598,AMD EPYC 9374F,9861,32,64,3.85GHz,2022.11,https://www.topcpu.net/cpu/amd-epyc-9374f
599,AMD EPYC 7352,9827,24,48,2.3GHz,2019.08,https://www.topcpu.net/cpu/amd-epyc-7352
600,Intel Core i5 12400,9793,6,12,2.5GHz,2022.01,https://www.topcpu.net/cpu/intel-core-i5-12400
601,Intel Core i9 9940X,9787,14,28,3.3GHz,2018.10,https://www.topcpu.net/cpu/intel-core-i9-9940x
602,Intel Core i5 1350P,9784,12,16,1.9GHz,2023.01,https://www.topcpu.net/cpu/intel-core-i5-1350p
603,AMD Ryzen 9 5900,9774,12,24,3.0GHz,2021.01,https://www.topcpu.net/cpu/amd-ryzen-9-5900
604,AMD Ryzen 7 7435HS,9773,8,16,3.1GHz,2024.04,https://www.topcpu.net/cpu/amd-ryzen-7-7435hs
605,AMD Ryzen AI 5 PRO 340,9773,6,12,2GHz,2025.01,https://www.topcpu.net/cpu/amd-ryzen-ai-5-pro-340
606,Intel Core 5 120F,9773,6,12,2.5GHz,2025.06,https://www.topcpu.net/cpu/intel-core-5-120f
607,Intel Core 5 120,9773,6,12,2.5GHz,2025.07,https://www.topcpu.net/cpu/intel-core-5-120
608,Intel Core Ultra 7 165U,9763,12,14,1.7GHz,2023.12,https://www.topcpu.net/cpu/intel-core-ultra-7-165u
609,Intel Xeon Platinum 8352S,9748,32,64,2.2GHz,2021.04,https://www.topcpu.net/cpu/intel-xeon-platinum-8352s
610,AMD Ryzen 5 PRO 8640HS,9739,6,12,3.5GHz,2024.04,https://www.topcpu.net/cpu/amd-ryzen-5-pro-8640hs
611,Intel Xeon Silver 4410T,9689,10,20,2.7GHz,2023.01,https://www.topcpu.net/cpu/intel-xeon-silver-4410t
612,AMD Ryzen 7 250,9674,8,16,3.3GHz,2025.01,https://www.topcpu.net/cpu/amd-ryzen-7-250
613,Intel Xeon Max 9468,9665,48,96,2.1GHz,2023.01,https://www.topcpu.net/cpu/intel-xeon-max-9468
614,Intel Core i5 1340P,9638,12,16,1.9GHz,2023.01,https://www.topcpu.net/cpu/intel-core-i5-1340p
615,Intel Xeon W-1390,9575,8,16,2.8GHz,2021.05,https://www.topcpu.net/cpu/xeon-w-1390
616,Intel Core i9 10900F,9566,10,20,2.8GHz,2020.05,https://www.topcpu.net/cpu/intel-core-i9-10900f
617,Intel Xeon E5-2690,9549,8,16,2.9GHz,2012.03,https://www.topcpu.net/cpu/intel-xeon-e5-2690
618,Intel Core i5 12450HX,9548,8,12,2.4GHz,2022.05,https://www.topcpu.net/cpu/intel-core-i5-12450hx
619,Intel Xeon W-2195,9547,18,36,2.3GHz,2017.08,https://www.topcpu.net/cpu/intel-xeon-w-2195
620,Intel Core i9 10920X,9541,12,24,3.5GHz,2019.10,https://www.topcpu.net/cpu/intel-core-i9-10920x
621,Intel Core i7 11700,9530,8,16,2.5GHz,2021.03,https://www.topcpu.net/cpu/intel-core-i7-11700
622,AMD Ryzen 7 5800XT,9519,8,16,3.8GHz,2024.07,https://www.topcpu.net/cpu/amd-ryzen-7-5800xt
623,AMD Ryzen 7 5800,9507,8,16,3.4GHz,2021.01,https://www.topcpu.net/cpu/amd-ryzen-7-5800
624,Intel Core i9 11900T,9505,8,16,1.5GHz,2021.03,https://www.topcpu.net/cpu/intel-core-i9-11900t
625,Intel Xeon Gold 5412U,9499,24,48,2.1GHz,2023.01,https://www.topcpu.net/cpu/intel-xeon-gold-5412u
626,Intel Core Ultra 7 155U,9486,12,14,1.7GHz,2023.12,https://www.topcpu.net/cpu/intel-core-ultra-7-155u
627,Intel Core i5 12400F,9475,6,12,2.5GHz,2022.01,https://www.topcpu.net/cpu/intel-core-i5-12400f
628,AMD Ryzen 7 PRO 5845,9464,8,16,3.4GHz,2022.04,https://www.topcpu.net/cpu/amd-ryzen-7-pro-5845
629,AMD Ryzen Z2,9457,8,16,3.3GHz,2025.06,https://www.topcpu.net/cpu/amd-ryzen-z2
630,Intel Core i9-11900KB,9442,8,16,3.3GHz,2021.05,https://www.topcpu.net/cpu/intel-core-i9-11900kb
631,Intel Core Ultra 5 225U,9418,12,14,1.5GHz,2025.01,https://www.topcpu.net/cpu/intel-core-ultra-5-225u
632,AMD EPYC 7313P,9408,16,32,3GHz,2021.03,https://www.topcpu.net/cpu/amd-epyc-7313p
633,Intel Core i7 12800H,9400,14,20,2.4GHz,2022.01,https://www.topcpu.net/cpu/intel-core-i7-12800h
634,Intel Core i9 10900K,9367,10,20,3.7GHz,2020.05,https://www.topcpu.net/cpu/intel-core-i9-10900k
635,Intel Core 5 223PE,9325,8,16,2.9GHz,2026.03,https://www.topcpu.net/cpu/intel-core-5-223pe
636,AMD Ryzen 7 PRO 8840U,9320,8,16,3.3GHz,2024.04,https://www.topcpu.net/cpu/amd-ryzen-7-pro-8840u
637,AMD Ryzen 9 5900HX,9310,8,16,3.3GHz,2021.01,https://www.topcpu.net/cpu/amd-ryzen-9-5900hx
638,Intel Core i9 10900X,9308,10,20,3.7GHz,2019.10,https://www.topcpu.net/cpu/intel-core-i9-10900x
639,Intel Core i5 11600KF,9291,6,12,3.9GHz,2021.03,https://www.topcpu.net/cpu/intel-core-i5-11600kf
640,Intel Core i7-11700B,9288,8,16,3.2GHz,2021.05,https://www.topcpu.net/cpu/intel-core-i7-11700b
641,Intel Core 7 160UL,9284,10,12,1.8GHz,2024.04,https://www.topcpu.net/cpu/intel-core-7-160ul
642,Intel Xeon W-1290E,9246,10,20,3.5GHz,2020.05,https://www.topcpu.net/cpu/xeon-w-1290e
643,Intel Core i5 13500T,9236,14,20,1.6GHz,2023.01,https://www.topcpu.net/cpu/intel-core-i5-13500t
644,Apple A18 Pro (MacBook),9231,6,6,2GHz,2024.09,https://www.topcpu.net/cpu/apple-a18-pro-macbook
645,AMD Ryzen 7 7445HS,9221,6,12,3.2GHz,2023.03,https://www.topcpu.net/cpu/amd-ryzen-7-7445hs
646,AMD Ryzen 9 6900HS,9206,8,16,3.3GHz,2022.01,https://www.topcpu.net/cpu/amd-ryzen-9-6900hs
647,Intel Core Ultra 5 335,9205,8,8,2.2GHz,2026.01,https://www.topcpu.net/cpu/intel-core-ultra-5-335
648,Intel Xeon Silver 4309Y,9189,8,16,2.8GHz,2021.04,https://www.topcpu.net/cpu/intel-xeon-silver-4309y
649,Intel Core i5-14500T,9184,14,20,1.7GHz,2024.01,https://www.topcpu.net/cpu/intel-core-i5-14500t
650,AMD Ryzen 5 8540U,9182,6,12,3.2GHz,2023.12,https://www.topcpu.net/cpu/amd-ryzen-5-8540u
651,Intel Xeon W-2191B,9179,18,36,2.3GHz,2017.12,https://www.topcpu.net/cpu/intel-xeon-w-2191b
652,AMD Ryzen 5 5600X,9138,6,12,3.7GHz,2020.10,https://www.topcpu.net/cpu/amd-ryzen-5-5600x
653,Intel Xeon E-2436,9138,6,12,2.9GHz,2023.12,https://www.topcpu.net/cpu/xeon-e-2436
654,Intel Core Ultra 5 125U,9131,12,14,1.3GHz,2023.12,https://www.topcpu.net/cpu/intel-core-ultra-5-125u
655,Intel Xeon Gold 6438Y+,9113,32,64,2GHz,2023.01,https://www.topcpu.net/cpu/intel-xeon-gold-6438y
656,Intel Xeon 6731E,9112,96,96,2.2GHz,2024.06,https://www.topcpu.net/cpu/xeon-6731e
657,Intel Core i5 11600K,9108,6,12,3.9GHz,2021.03,https://www.topcpu.net/cpu/intel-core-i5-11600k
658,AMD Ryzen Threadripper 2950X,9103,16,32,3.5GHz,2018.08,https://www.topcpu.net/cpu/amd-ryzen-threadripper-2950x
659,Intel Core i3 14100,9085,4,8,3.5GHz,2024.01,https://www.topcpu.net/cpu/intel-core-i3-14100
660,AMD Ryzen 5 230,9082,6,12,3.5GHz,2025.01,https://www.topcpu.net/cpu/amd-ryzen-5-230
661,Intel Core i5 12500H,9079,12,16,2.5GHz,2022.01,https://www.topcpu.net/cpu/intel-core-i5-12500h
662,Intel Xeon Gold 6530,9079,32,64,2.1GHz,2023.12,https://www.topcpu.net/cpu/intel-xeon-gold-6530
663,Intel Xeon Silver 4410Y,9072,12,24,2GHz,2023.01,https://www.topcpu.net/cpu/intel-xeon-silver-4410y
664,Intel Core i9 7960X,9066,16,32,2.8GHz,2017.09,https://www.topcpu.net/cpu/intel-core-i9-7960x
665,Intel Xeon W-11955M,9034,8,16,2.1GHz,2021.05,https://www.topcpu.net/cpu/intel-xeon-w-11955m
666,Intel Xeon Gold 5315Y,9011,8,16,3.2GHz,2021.04,https://www.topcpu.net/cpu/intel-xeon-gold-5315y
667,Intel Core i9 10900,9002,10,20,2.8GHz,2020.05,https://www.topcpu.net/cpu/intel-core-i9-10900
668,Intel Core 7 150U,8980,10,12,1.8GHz,2024.01,https://www.topcpu.net/cpu/intel-core-7-150u
669,Intel Xeon Gold 5317,8978,12,24,3GHz,2021.04,https://www.topcpu.net/cpu/intel-xeon-gold-5317
670,Intel Core i3 14100F,8974,4,8,3.5GHz,2024.01,https://www.topcpu.net/cpu/intel-core-i3-14100f
671,Intel Core Ultra 5 325,8957,8,8,2.1GHz,2026.01,https://www.topcpu.net/cpu/intel-core-ultra-5-325
672,AMD Ryzen 7 5700G,8933,8,16,3.8GHz,2021.04,https://www.topcpu.net/cpu/amd-ryzen-7-5700g
673,Intel Xeon Platinum 8260,8928,24,48,2.4GHz,2018.12,https://www.topcpu.net/cpu/xeon-platinum-8260
674,Intel Xeon E5-1660 v3,8915,8,16,3GHz,2014.09,https://www.topcpu.net/cpu/intel-xeon-e5-1660-v3
675,Intel Core i5 13400T,8904,10,16,1.3GHz,2023.01,https://www.topcpu.net/cpu/intel-core-i5-13400t
676,Intel Core i7 1365U,8897,10,12,1.8GHz,2023.01,https://www.topcpu.net/cpu/intel-core-i7-1365u
677,Intel Xeon Gold 6348,8894,28,56,2.6GHz,2021.04,https://www.topcpu.net/cpu/intel-xeon-gold-6348
678,Intel Xeon W-2170B,8888,14,28,2.5GHz,2017.12,https://www.topcpu.net/cpu/intel-xeon-w-2170b
679,AMD Ryzen Z1,8878,6,12,3.2GHz,2023.04,https://www.topcpu.net/cpu/amd-ryzen-z1
680,Intel Xeon w3-2435,8871,8,16,3.1GHz,2023.02,https://www.topcpu.net/cpu/intel-xeon-w3-2435
681,Intel Xeon Platinum 8253,8849,16,32,2.2GHz,2018.12,https://www.topcpu.net/cpu/xeon-platinum-8253
682,Intel Core i5 12600T,8839,6,12,2.1GHz,2022.01,https://www.topcpu.net/cpu/intel-core-i5-12600t
683,AMD Ryzen 7 6800HS,8834,8,16,3.2GHz,2022.01,https://www.topcpu.net/cpu/amd-ryzen-7-6800hs
684,Intel Core i5 13400F,8833,10,16,2.5GHz,2023.01,https://www.topcpu.net/cpu/intel-core-i5-13400f
685,Intel Core i9 10850K,8830,10,20,3.6GHz,2020.07,https://www.topcpu.net/cpu/intel-core-i9-10850k
686,Intel Core i5 13400E,8823,10,16,2.4GHz,2023.01,https://www.topcpu.net/cpu/intel-core-i5-13400e
687,Intel Xeon W-1290,8817,10,20,3.2GHz,2020.05,https://www.topcpu.net/cpu/intel-xeon-w-1290
688,AMD Ryzen 5 7540U,8816,6,12,3.2GHz,2023.05,https://www.topcpu.net/cpu/amd-ryzen-5-7540u
689,AMD Ryzen 5 5600F,8816,6,12,3.0GHz,2025.09,https://www.topcpu.net/cpu/amd-ryzen-5-5600f
690,Intel Core i7 13850HX,8807,20,28,2.1GHz,2023.01,https://www.topcpu.net/cpu/intel-core-i7-13850hx
691,Intel Xeon Gold 6418H,8784,24,48,2.1GHz,2023.01,https://www.topcpu.net/cpu/intel-xeon-gold-6418h
692,Intel Core i5 12500T,8784,6,12,2GHz,2022.01,https://www.topcpu.net/cpu/intel-core-i5-12500t
693,AMD Ryzen 5 5600X3D,8782,6,12,3.3GHz,2024.01,https://www.topcpu.net/cpu/amd-ryzen-5-5600x3d
694,AMD Ryzen 7 5600X3D,8773,6,12,3.3GHz,2024.01,https://www.topcpu.net/cpu/amd-ryzen-7-5600x3d
695,Intel Core i9 9900KS,8751,8,16,4.0GHz,2019.10,https://www.topcpu.net/cpu/intel-core-i9-9900ks
696,Intel Core i5 13420H,8737,8,12,2.1GHz,2023.01,https://www.topcpu.net/cpu/intel-core-i5-13420h
697,Intel Xeon W-2175,8725,14,28,2.5GHz,2017.10,https://www.topcpu.net/cpu/intel-xeon-w-2175
698,Intel Xeon w3-2425,8701,6,12,3GHz,2023.02,https://www.topcpu.net/cpu/intel-xeon-w3-2425
699,Intel Core i7 11850H,8699,8,16,2.1-2.5GHz,2021.05,https://www.topcpu.net/cpu/intel-core-i7-11850h
700,AMD Ryzen 5 Pro 7540U,8698,6,12,3.2GHz,2023.06,https://www.topcpu.net/cpu/amd-ryzen-5-pro-7540u
701,AMD Ryzen 5 Pro 7545U,8697,6,12,3.2GHz,2023.11,https://www.topcpu.net/cpu/amd-ryzen-5-pro-7545u
702,Intel Core Ultra 5 135U,8695,12,14,1.6GHz,2023.12,https://www.topcpu.net/cpu/intel-core-ultra-5-135u
703,AMD Ryzen 5 220,8685,6,12,3.7GHz,2025.01,https://www.topcpu.net/cpu/amd-ryzen-5-220
704,Intel Core 5 220U,8675,10,12,1.4GHz,2025.01,https://www.topcpu.net/cpu/intel-core-5-220u
705,Intel Core i5-14400T,8672,10,16,1.5GHz,2024.01,https://www.topcpu.net/cpu/intel-core-i5-14400t
706,AMD Ryzen 7 6800H,8650,8,16,3.2GHz,2022.01,https://www.topcpu.net/cpu/amd-ryzen-7-6800h
707,Intel Xeon E5-2686 v3,8649,18,36,2GHz,2014.09,https://www.topcpu.net/cpu/intel-xeon-e5-2686-v3
708,AMD Ryzen 9 PRO 5945,8648,12,24,3GHz,2022.04,https://www.topcpu.net/cpu/amd-ryzen-9-pro-5945
709,Intel Core i7 1270P,8635,12,16,2.2GHz,2022.02,https://www.topcpu.net/cpu/intel-core-i7-1270p
710,AMD Ryzen 5 PRO 8500GE,8614,6,12,3.4GHz,2024.04,https://www.topcpu.net/cpu/amd-ryzen-5-pro-8500ge
711,Intel Xeon Gold 5416S,8605,16,32,2GHz,2023.01,https://www.topcpu.net/cpu/intel-xeon-gold-5416s
712,AMD Ryzen 7 5700,8599,8,16,3.7GHz,2022.04,https://www.topcpu.net/cpu/amd-ryzen-7-5700
713,AMD EPYC 7702,8594,64,128,2GHz,2019.08,https://www.topcpu.net/cpu/amd-epyc-7702
714,Intel Xeon W-2145,8591,8,16,3.7GHz,2017.08,https://www.topcpu.net/cpu/intel-xeon-w-2145
715,Intel Xeon 6780E,8590,144,144,2.2GHz,2024.06,https://www.topcpu.net/cpu/xeon-6780e
716,Intel Xeon Platinum 8362,8587,32,64,2.8GHz,2021.04,https://www.topcpu.net/cpu/intel-xeon-platinum-8362
717,AMD Ryzen 7 3800X,8587,8,16,3.9GHz,2019.07,https://www.topcpu.net/cpu/amd-ryzen-7-3800x
718,Intel Core i5 11500,8564,6,12,2.7GHz,2021.03,https://www.topcpu.net/cpu/intel-core-i5-11500
719,Intel Xeon E-2434,8554,4,8,3.4GHz,2023.12,https://www.topcpu.net/cpu/xeon-e-2434
720,Intel Core Ultra 7 164U,8552,12,14,1.1GHz,2023.12,https://www.topcpu.net/cpu/intel-core-ultra-7-164u
721,Intel Core Ultra 5 134U,8540,12,14,0.7GHz,2023.12,https://www.topcpu.net/cpu/intel-core-ultra-5-134u
722,Intel Core i9 7900X,8536,10,20,3.3GHz,2017.05,https://www.topcpu.net/cpu/intel-core-i9-7900x
723,Intel Core i7-11850HE,8523,8,16,2.1GHz,2021.08,https://www.topcpu.net/cpu/intel-core-i7-11850he
724,AMD EPYC 7203,8514,8,16,2.8GHz,2023.09,https://www.topcpu.net/cpu/amd-epyc-7203
725,Intel Xeon E5-2696 v3,8501,18,36,2.3GHz,2014.09,https://www.topcpu.net/cpu/intel-xeon-e5-2696-v3
726,AMD Ryzen 5 Pro 215,8494,6,12,3.2GHz,2025.01,https://www.topcpu.net/cpu/amd-ryzen-5-pro-215
727,AMD Ryzen 5 5600T,8492,6,12,3.5GHz,2024.10,https://www.topcpu.net/cpu/amd-ryzen-5-5600t
728,AMD Ryzen 7 7730U,8489,8,16,2.0GHz,2023.01,https://www.topcpu.net/cpu/amd-ryzen-7-7730u
729,AMD Ryzen 5 5600,8477,6,12,3.5GHz,2022.04,https://www.topcpu.net/cpu/amd-ryzen-5-5600
730,Intel Core i7 10700KF,8459,8,16,3.8GHz,2020.05,https://www.topcpu.net/cpu/intel-core-i7-10700kf
731,Intel Xeon Gold 5418Y,8457,24,48,2GHz,2023.01,https://www.topcpu.net/cpu/intel-xeon-gold-5418y
732,AMD Ryzen 5 150,8447,6,12,3.3GHz,2025.10,https://www.topcpu.net/cpu/amd-ryzen-5-150
733,AMD Ryzen 9 5980HX,8439,8,16,3.3GHz,2021.01,https://www.topcpu.net/cpu/amd-ryzen-9-5980hx
734,Intel Xeon W-1350,8437,6,12,3.3GHz,2021.05,https://www.topcpu.net/cpu/xeon-w-1350
735,Intel Xeon Gold 6428N,8414,32,64,1.8GHz,2023.01,https://www.topcpu.net/cpu/intel-xeon-gold-6428n
736,AMD Ryzen 7 3700X,8392,8,16,3.6GHz,2019.07,https://www.topcpu.net/cpu/amd-ryzen-7-3700x
737,Intel Xeon E5-2643 v3,8391,6,12,3.4GHz,2014.09,https://www.topcpu.net/cpu/intel-xeon-e5-2643-v3
738,AMD Ryzen Threadripper 2970WX,8391,24,48,3.0GHz,2018.10,https://www.topcpu.net/cpu/amd-ryzen-threadripper-2970wx
739,Intel Core 3 201TE,8391,4,8,2.9GHz,2026.03,https://www.topcpu.net/cpu/intel-core-3-201te
740,Intel Xeon W-2150B,8368,10,20,3GHz,2017.12,https://www.topcpu.net/cpu/intel-xeon-w-2150b
741,Intel Xeon Gold 5411N,8355,28,56,1.9GHz,2023.01,https://www.topcpu.net/cpu/intel-xeon-gold-5411n
742,AMD Ryzen 5 5600XT,8316,6,12,3.7GHz,2024.10,https://www.topcpu.net/cpu/amd-ryzen-5-5600xt
743,AMD Ryzen 7 PRO 3700,8303,8,16,3.6GHz,2019.09,https://www.topcpu.net/cpu/amd-ryzen-7-pro-3700
744,AMD Ryzen 5 5600G,8289,6,12,3.9GHz,2021.04,https://www.topcpu.net/cpu/amd-ryzen-5-5600g
745,Intel Xeon Gold 5423N,8279,20,40,2.1GHz,2023.01,https://www.topcpu.net/cpu/intel-xeon-gold-5423n
746,AMD Ryzen 5 PRO 8540U,8271,6,12,3.7GHz,2024.04,https://www.topcpu.net/cpu/amd-ryzen-5-pro-8540u
747,Intel Core i5 12450H,8263,8,12,2GHz,2022.01,https://www.topcpu.net/cpu/intel-core-i5-12450h
748,Intel Xeon 6980P,8257,128,256,2GHz,2024.09,https://www.topcpu.net/cpu/xeon-6980p
749,Intel Core 3 201E,8242,4,8,3.6GHz,2025.01,https://www.topcpu.net/cpu/intel-core-3-201e
750,Intel Core i7 11800H,8228,8,16,1.9-2.3GHz,2021.05,https://www.topcpu.net/cpu/intel-core-i7-11800h
751,Intel Xeon Platinum 8360Y,8205,36,72,2.4GHz,2021.04,https://www.topcpu.net/cpu/intel-xeon-platinum-8360y
752,AMD Ryzen 5 5500X3D,8204,6,12,3.0GHz,2025.06,https://www.topcpu.net/cpu/amd-ryzen-5-5500x3d
753,Intel Core i5 11400F,8199,6,12,2.6GHz,2021.03,https://www.topcpu.net/cpu/intel-core-i5-11400f
754,AMD Ryzen 7 7435H,8184,8,16,3.1GHz,2024.04,https://www.topcpu.net/cpu/amd-ryzen-7-7435h
755,AMD Ryzen 5 5500GT,8165,6,12,3.6GHz,2024.01,https://www.topcpu.net/cpu/amd-ryzen-5-5500gt
756,Intel Core i7 11700F,8162,8,16,2.5GHz,2021.03,https://www.topcpu.net/cpu/intel-core-i7-11700f
757,Intel Xeon E-2278G,8162,8,16,3.4GHz,2019.05,https://www.topcpu.net/cpu/xeon-e-2278g
758,AMD Ryzen 5 6600HS,8159,6,12,3.3GHz,2022.01,https://www.topcpu.net/cpu/amd-ryzen-5-6600hs
759,Intel Core i5 1240P,8155,12,16,1.7GHz,2022.02,https://www.topcpu.net/cpu/intel-core-i5-1240p
760,Intel Xeon Platinum 8558P,8145,48,96,2.7GHz,2023.12,https://www.topcpu.net/cpu/intel-xeon-platinum-8558p
761,Intel Xeon Gold 6448Y,8127,32,64,2.1GHz,2023.01,https://www.topcpu.net/cpu/intel-xeon-gold-6448y
762,Intel Core i7 10700F,8118,8,16,2.9GHz,2020.05,https://www.topcpu.net/cpu/intel-core-i7-10700f
763,AMD EPYC 7F32,8117,8,16,3.7GHz,2020.04,https://www.topcpu.net/cpu/amd-epyc-7f32
764,Intel Xeon W-11855M,8115,6,12,3.2GHz,2021.05,https://www.topcpu.net/cpu/intel-xeon-w-11855m
765,Intel Core 5 120U,8109,10,12,1.4GHz,2024.01,https://www.topcpu.net/cpu/intel-core-5-120u
766,AMD Ryzen 5 5600GT,8089,6,12,3.6GHz,2024.01,https://www.topcpu.net/cpu/amd-ryzen-5-5600gt
767,Intel Xeon Gold 6348H,8078,24,48,2.3GHz,2021.04,https://www.topcpu.net/cpu/intel-xeon-gold-6348h
768,Intel Core 5 320,8070,6,6,1.5GHz,2026.04,https://www.topcpu.net/cpu/intel-core-5-320
769,AMD Ryzen 5 7545U,8069,6,12,3.2GHz,2023.11,https://www.topcpu.net/cpu/amd-ryzen-5-7545u
770,AMD EPYC 7401P,8067,24,48,2GHz,2017.06,https://www.topcpu.net/cpu/amd-epyc-7401p
771,Apple M1,8035,8,8,2.1GHz,2020.11,https://www.topcpu.net/cpu/apple-m1
772,AMD Ryzen 5 7535U,8016,6,12,2.9GHz,2023.01,https://www.topcpu.net/cpu/amd-ryzen-5-7535u
773,Intel Core i5 12500E,8002,6,12,2.9GHz,2022.01,https://www.topcpu.net/cpu/intel-core-i5-12500e
774,Intel Core i9 11950H,7997,8,16,2.1-2.6GHz,2021.05,https://www.topcpu.net/cpu/intel-core-i9-11950h
775,Intel Core i7 9800X,7991,8,16,3.8GHz,2018.10,https://www.topcpu.net/cpu/intel-core-i7-9800x
776,Apple M1 Pro,7976,10,10,2.0GHz,2021.10,https://www.topcpu.net/cpu/apple-m1-pro
777,Intel Xeon E5-2687W v3,7965,10,20,3.1GHz,2014.09,https://www.topcpu.net/cpu/intel-xeon-e5-2687w-v3
778,Intel Core i5 11600,7947,6,12,2.8GHz,2021.03,https://www.topcpu.net/cpu/intel-core-i5-11600
779,Intel Core i7 1355U,7945,10,12,1.7GHz,2023.01,https://www.topcpu.net/cpu/intel-core-i7-1355u
780,Intel Xeon W-1350P,7925,6,12,4GHz,2021.05,https://www.topcpu.net/cpu/xeon-w-1350p
781,AMD EPYC 7262,7900,8,16,3.2GHz,2019.08,https://www.topcpu.net/cpu/epyc-7262
782,Intel Core i5 13500,7898,14,20,2.5GHz,2023.01,https://www.topcpu.net/cpu/intel-core-i5-13500
783,Intel Xeon Gold 6548N,7876,32,64,2.8GHz,2023.12,https://www.topcpu.net/cpu/intel-xeon-gold-6548n
784,Intel Xeon Gold 6548Y+,7815,32,64,2.5GHz,2023.12,https://www.topcpu.net/cpu/intel-xeon-gold-6548y
785,AMD Ryzen 5 PRO 5655G,7808,6,12,3.9GHz,2024.05,https://www.topcpu.net/cpu/amd-ryzen-5-pro-5655g
786,Intel Xeon w3-2423,7802,6,12,2.1GHz,2023.02,https://www.topcpu.net/cpu/intel-xeon-w3-2423
787,Intel Core i3 13100,7801,4,8,3.4GHz,2023.01,https://www.topcpu.net/cpu/intel-core-i3-13100
788,Intel Xeon Gold 6430,7800,32,64,2.1GHz,2023.01,https://www.topcpu.net/cpu/intel-xeon-gold-6430
789,AMD Ryzen 7 7735U,7781,8,16,2.7GHz,2023.01,https://www.topcpu.net/cpu/amd-ryzen-7-7735u
790,Intel Core i7 9700KF,7751,8,8,3.6GHz,2019.01,https://www.topcpu.net/cpu/intel-core-i7-9700kf
791,Intel Core i7-14701TE,7715,8,16,2.1GHz,2024.07,https://www.topcpu.net/cpu/intel-core-i7-14701te
792,Intel Xeon Gold 6438M,7706,32,64,2.2GHz,2023.01,https://www.topcpu.net/cpu/intel-xeon-gold-6438m
793,AMD Ryzen 3 8300G,7704,4,8,3.4GHz,2024.01,https://www.topcpu.net/cpu/amd-ryzen-3-8300g
794,Intel Xeon Platinum 8471N,7699,52,104,1.8GHz,2023.01,https://www.topcpu.net/cpu/intel-xeon-platinum-8471n
795,Intel Xeon E7-8890 v3,7699,18,36,2.5GHz,2015.06,https://www.topcpu.net/cpu/intel-xeon-e7-8890-v3
796,Intel Xeon E5-4669 v3,7699,18,36,2.1GHz,2015.06,https://www.topcpu.net/cpu/intel-xeon-e5-4669-v3
797,AMD EPYC 9575F,7698,64,128,3.3GHz,2024.10,https://www.topcpu.net/cpu/amd-epyc-9575f
798,AMD Ryzen AI 5 430,7692,4,8,2.0GHz,2026.01,https://www.topcpu.net/cpu/amd-ryzen-ai-5-430
799,AMD Ryzen Threadripper 1920X,7690,12,24,3.5GHz,2017.08,https://www.topcpu.net/cpu/amd-ryzen-threadripper-1920x
800,Intel Core i3 12100E,7680,4,8,3.2GHz,2022.01,https://www.topcpu.net/cpu/intel-core-i3-12100e
801,AMD Ryzen 5 3600X,7676,6,12,3.8GHz,2019.07,https://www.topcpu.net/cpu/amd-ryzen-5-3600x
802,Intel Core i9 9900KF,7648,8,16,3.6GHz,2019.01,https://www.topcpu.net/cpu/intel-core-i9-9900kf
803,Intel Core i7 12650H,7645,10,16,2.3GHz,2022.01,https://www.topcpu.net/cpu/intel-core-i7-12650h
804,AMD Ryzen 7 Pro 6850U,7612,8,16,2.7GHz,2022.04,https://www.topcpu.net/cpu/amd-ryzen-7-pro-6850u
805,AMD Ryzen 5 3600XT,7607,6,12,3.8GHz,2020.07,https://www.topcpu.net/cpu/amd-ryzen-5-3600xt
806,Intel Core i5 1335U,7584,10,12,1.3GHz,2023.01,https://www.topcpu.net/cpu/intel-core-i5-1335u
807,Intel Core i5 1240U,7583,10,12,1.1GHz,2022.02,https://www.topcpu.net/cpu/intel-core-i5-1240u
808,AMD EPYC 7D12,7563,32,64,1.1GHz,2020.04,https://www.topcpu.net/cpu/amd-epyc-7d12
809,Intel Core i5 11400,7552,6,12,2.6GHz,2021.03,https://www.topcpu.net/cpu/intel-core-i5-11400
810,AMD Ryzen 7 4700G,7548,8,16,3.6GHz,2020.07,https://www.topcpu.net/cpu/amd-ryzen-7-4700g
811,Intel Core i9 10900T,7539,10,20,1.9GHz,2020.05,https://www.topcpu.net/cpu/intel-core-i9-10900t
812,Intel Core i7 8086K,7529,6,12,4.0GHz,2018.06,https://www.topcpu.net/cpu/intel-core-i7-8086k
813,Intel Xeon Platinum 8452Y,7515,36,72,2GHz,2023.01,https://www.topcpu.net/cpu/intel-xeon-platinum-8452y
814,Intel Core i7 7820X,7510,8,16,3.6GHz,2017.05,https://www.topcpu.net/cpu/intel-core-i7-7820x
815,Intel Xeon E-2286M,7505,8,16,2.4GHz,2019.05,https://www.topcpu.net/cpu/xeon-e-2286m
816,AMD EPYC 4484PX,7491,12,24,4.4GHz,2024.05,https://www.topcpu.net/cpu/amd-epyc-4484px
817,AMD Ryzen 9 5980HS,7489,8,16,3.0GHz,2021.01,https://www.topcpu.net/cpu/amd-ryzen-9-5980hs
818,AMD EPYC 7351P,7486,16,32,2.4GHz,2017.06,https://www.topcpu.net/cpu/amd-epyc-7351p
819,AMD Ryzen Threadripper 2990WX,7480,32,64,3.0GHz,2018.08,https://www.topcpu.net/cpu/amd-ryzen-threadripper-2990wx
820,Intel Core i7 10700K,7472,8,16,3.8GHz,2020.05,https://www.topcpu.net/cpu/intel-core-i7-10700k
821,Intel Core i7 6900K,7470,8,16,3.2GHz,2016.05,https://www.topcpu.net/cpu/intel-core-i7-6900k
822,Intel Xeon E5-2678 v3,7467,12,24,2.5GHz,2015.01,https://www.topcpu.net/cpu/intel-xeon-e5-2678-v3
823,Intel Core i3 12100,7431,4,8,3.3GHz,2022.01,https://www.topcpu.net/cpu/intel-core-i3-12100
824,Intel Core i9 10900KF,7414,10,20,3.7GHz,2020.05,https://www.topcpu.net/cpu/intel-core-i9-10900kf
825,Intel Xeon E5-4669 v3,7413,18,36,2.1GHz,2015.06,https://www.topcpu.net/cpu/intel-xeon-e5-4669-v3
826,Intel Xeon E5-2699 v3,7380,18,36,2.3GHz,2014.09,https://www.topcpu.net/cpu/intel-xeon-e5-2699-v3
827,AMD Ryzen 9 5900H,7376,8,16,3.3GHz,2021.04,https://www.topcpu.net/cpu/amd-ryzen-9-5900h
828,AMD Ryzen 7 5800H,7365,8,16,3.2GHz,2021.01,https://www.topcpu.net/cpu/amd-ryzen-7-5800h
829,Intel Core i3 12300,7359,4,8,3.5GHz,2022.01,https://www.topcpu.net/cpu/intel-core-i3-12300
830,Intel Core i3 12300T,7348,4,8,2.3GHz,2022.01,https://www.topcpu.net/cpu/intel-core-i3-12300t
831,Intel Xeon W-3175X,7335,28,56,3.1GHz,2019.01,https://www.topcpu.net/cpu/intel-xeon-w-3175x
832,Intel Core i5 1334U,7310,10,12,1.3GHz,2023.01,https://www.topcpu.net/cpu/intel-core-i5-1334u
833,Intel Xeon Gold 6346,7306,16,32,3.1GHz,2021.04,https://www.topcpu.net/cpu/intel-xeon-gold-6346
834,Intel Core i3 1220P,7295,10,12,1.5GHz,2022.02,https://www.topcpu.net/cpu/intel-core-i3-1220p
835,Intel Xeon Gold 5320,7285,26,52,2.2GHz,2021.04,https://www.topcpu.net/cpu/intel-xeon-gold-5320
836,AMD Ryzen Threadripper 2920X,7251,12,24,3.5GHz,2018.10,https://www.topcpu.net/cpu/amd-ryzen-threadripper-2920x
837,AMD Ryzen 5 5500,7245,6,12,3.6GHz,2022.03,https://www.topcpu.net/cpu/amd-ryzen-5-5500
838,AMD Ryzen 9 5900HS,7243,8,16,3.0GHz,2021.01,https://www.topcpu.net/cpu/amd-ryzen-9-5900hs
839,Intel Core i3 12100T,7243,4,8,2.2GHz,2022.01,https://www.topcpu.net/cpu/intel-core-i3-12100t
840,AMD Ryzen 9 PRO 8945HS,7242,8,16,4GHz,2024.04,https://www.topcpu.net/cpu/amd-ryzen-9-pro-8945hs
841,Intel Core i3 13100F,7235,4,8,3.4GHz,2023.01,https://www.topcpu.net/cpu/intel-core-i3-13100f
842,AMD Ryzen Embedded V2748,7226,8,16,2.9GHz,2020.11,https://www.topcpu.net/cpu/amd-ryzen-embedded-v2748
843,Intel Xeon E5-2697 v3,7221,14,28,2.6GHz,2014.09,https://www.topcpu.net/cpu/intel-xeon-e5-2697-v3
844,AMD EPYC 7713P,7214,64,128,2GHz,2021.03,https://www.topcpu.net/cpu/amd-epyc-7713p
845,Intel Core i9 9900,7205,8,16,3.1GHz,2019.04,https://www.topcpu.net/cpu/intel-core-i9-9900
846,Intel Xeon E7-4850 v3,7205,14,28,2.2GHz,2015.06,https://www.topcpu.net/cpu/intel-xeon-e7-4850-v3
847,Intel Core i3 12100F,7195,4,8,3.3GHz,2022.01,https://www.topcpu.net/cpu/intel-core-i3-12100f
848,Intel Core Ultra 5 322,7178,6,6,2.5GHz,2026.01,https://www.topcpu.net/cpu/intel-core-ultra-5-322
849,Intel Core i5 1230U,7169,10,12,1.0GHz,2022.02,https://www.topcpu.net/cpu/intel-core-i5-1230u
850,AMD Ryzen 5 7535HS,7165,6,12,3.3GHz,2023.01,https://www.topcpu.net/cpu/amd-ryzen-5-7535hs
851,Intel Core i7 1255U,7162,10,12,1.7GHz,2022.02,https://www.topcpu.net/cpu/intel-core-i7-1255u
852,Intel Core i9 11900H,7160,8,16,2.1-2.5GHz,2021.05,https://www.topcpu.net/cpu/intel-core-i9-11900h
853,Intel Core Ultra 5 332,7159,6,6,2.5GHz,2026.01,https://www.topcpu.net/cpu/intel-core-ultra-5-332
854,Intel Xeon E-2276G,7147,6,12,3.8GHz,2019.05,https://www.topcpu.net/cpu/xeon-e-2276g
855,Intel Xeon E-2226G,7140,6,6,3.4GHz,2019.05,https://www.topcpu.net/cpu/xeon-e-2226g
856,AMD Ryzen 7 5825U,7131,8,16,2.0GHz,2022.01,https://www.topcpu.net/cpu/amd-ryzen-7-5825u
857,Intel Xeon E5-4627 v3,7110,10,20,2.6GHz,2015.06,https://www.topcpu.net/cpu/intel-xeon-e5-4627-v3
858,Intel Xeon E5-1680 v3,7086,8,16,3.2GHz,2014.09,https://www.topcpu.net/cpu/intel-xeon-e5-1680-v3
859,Intel Xeon Platinum 8562Y+,7086,32,64,2.8GHz,2023.12,https://www.topcpu.net/cpu/intel-xeon-platinum-8562y
860,Intel Core i3-14100T,7086,4,8,2.7GHz,2024.01,https://www.topcpu.net/cpu/intel-core-i3-14100t
861,AMD Ryzen 5 3600,7084,6,12,3.6GHz,2019.07,https://www.topcpu.net/cpu/amd-ryzen-5-3600
862,Intel Xeon W-2140B,7083,8,16,3.2GHz,2017.12,https://www.topcpu.net/cpu/intel-xeon-w-2140b
863,AMD Ryzen AI 5 330,7079,4,8,2GHz,2025.07,https://www.topcpu.net/cpu/amd-ryzen-ai-5-330
864,AMD EPYC 4344P,7060,8,16,3.8GHz,2024.05,https://www.topcpu.net/cpu/amd-epyc-4344p
865,Intel Core i5 11500H,7053,6,12,2.4-2.9GHz,2021.05,https://www.topcpu.net/cpu/intel-core-i5-11500h
866,Intel Xeon E-2176G,7050,6,12,3.7GHz,2018.07,https://www.topcpu.net/cpu/xeon-e-2176g
867,Intel Xeon W-11855M,7036,6,12,3.2GHz,2021.05,https://www.topcpu.net/cpu/intel-xeon-w-11855m
868,Intel Xeon Platinum 8460Y+,7009,40,80,2GHz,2023.01,https://www.topcpu.net/cpu/intel-xeon-platinum-8460y
869,Intel Core i9 10885H,6982,8,16,2.4GHz,2020.04,https://www.topcpu.net/cpu/intel-core-i9-10885h
870,AMD Ryzen 3 8440U,6976,4,8,3.0GHz,2023.12,https://www.topcpu.net/cpu/amd-ryzen-3-8440u
871,Intel Xeon E5-2698B v3,6975,16,32,2GHz,2015.01,https://www.topcpu.net/cpu/intel-xeon-e5-2698b-v3
872,Intel Core i3 12100TE,6972,4,8,2.1GHz,2022.01,https://www.topcpu.net/cpu/intel-core-i3-12100te
873,AMD EPYC 8024P,6962,8,16,2.4GHz,2023.09,https://www.topcpu.net/cpu/amd-epyc-8024p
874,Intel Core i3 13100E,6916,4,8,3.3GHz,2023.01,https://www.topcpu.net/cpu/intel-core-i3-13100e
875,AMD Ryzen 7 Pro 4750G,6887,8,16,3.6GHz,2020.07,https://www.topcpu.net/cpu/amd-ryzen-7-pro-4750g
876,AMD Ryzen 5 6600U,6878,6,12,2.9GHz,2022.01,https://www.topcpu.net/cpu/amd-ryzen-5-6600u
877,Intel Xeon E-2336,6877,6,12,2.9GHz,2021.09,https://www.topcpu.net/cpu/intel-xeon-e-2336
878,AMD Ryzen 5 7530U,6873,6,12,2.0GHz,2023.01,https://www.topcpu.net/cpu/amd-ryzen-5-7530u
879,Intel Xeon Silver 4116,6869,12,24,2.1GHz,2017.07,https://www.topcpu.net/cpu/intel-xeon-silver-4116
880,Intel Xeon Platinum 8570,6865,56,112,2.1GHz,2023.12,https://www.topcpu.net/cpu/intel-xeon-platinum-8570
881,Intel Xeon E5-2658 v3,6846,12,24,2.2GHz,2014.09,https://www.topcpu.net/cpu/intel-xeon-e5-2658-v3
882,Intel Xeon E-2374G,6846,4,8,3.7GHz,2021.09,https://www.topcpu.net/cpu/intel-xeon-e-2374g
883,Intel Core 7 250U,6821,10,12,1.9GHz,2024.10,https://www.topcpu.net/cpu/intel-core-7-250u
884,Intel Xeon Platinum 8280M,6820,28,56,2.7GHz,2018.12,https://www.topcpu.net/cpu/xeon-platinum-8280m
885,AMD Ryzen 5 Pro 5650U,6792,6,12,2.3GHz,2021.03,https://www.topcpu.net/cpu/amd-ryzen-5-pro-5650u
886,Intel Core i9 9900T,6776,8,16,2.1GHz,2019.04,https://www.topcpu.net/cpu/intel-core-i9-9900t
887,AMD Ryzen 5 4500,6771,6,12,3.6GHz,2022.04,https://www.topcpu.net/cpu/amd-ryzen-5-4500
888,Intel Xeon E-2186G,6756,6,12,3.8GHz,2018.05,https://www.topcpu.net/cpu/xeon-e-2186g
889,Intel Core i5 12400T,6750,6,12,1.8GHz,2022.01,https://www.topcpu.net/cpu/intel-core-i5-12400t
890,AMD Ryzen 7 Pro 5850U,6748,8,16,1.9GHz,2021.03,https://www.topcpu.net/cpu/amd-ryzen-7-pro-5850u
891,Intel Core i7 1250U,6732,10,12,1.1GHz,2022.02,https://www.topcpu.net/cpu/intel-core-i7-1250u
892,Intel Xeon W-2135,6728,6,12,3.7GHz,2017.08,https://www.topcpu.net/cpu/intel-xeon-w-2135
893,Intel Core i7 6950X,6726,10,20,3.0GHz,2016.05,https://www.topcpu.net/cpu/intel-core-i7-6950x
894,Intel Core 3 304,6708,5,5,1.5GHz,2026.04,https://www.topcpu.net/cpu/intel-core-3-304
895,Intel Core i7 9700K,6702,8,8,3.6GHz,2018.10,https://www.topcpu.net/cpu/intel-core-i7-9700k
896,Intel Core i5 10600K,6700,6,12,4.1GHz,2020.05,https://www.topcpu.net/cpu/intel-core-i5-10600k
897,Intel Xeon D-2752TER,6693,12,24,1.8GHz,2022.02,https://www.topcpu.net/cpu/xeon-d-2752ter
898,Intel Core i7 11600H,6691,6,12,2.5-2.9GHz,2021.06,https://www.topcpu.net/cpu/intel-core-i7-11600h
899,Intel Xeon E5-2695 v3,6687,14,28,2.3GHz,2014.09,https://www.topcpu.net/cpu/intel-xeon-e5-2695-v3
900,AMD EPYC 7272,6675,12,24,2.9GHz,2019.08,https://www.topcpu.net/cpu/epyc-7272
901,Intel Core i7 5960X,6669,8,16,3.0GHz,2014.08,https://www.topcpu.net/cpu/intel-core-i7-5960x
902,Intel Xeon 6960P,6656,72,144,2.7GHz,2024.09,https://www.topcpu.net/cpu/xeon-6960p
903,Intel Xeon E5-2683 v3,6651,14,28,2GHz,2014.09,https://www.topcpu.net/cpu/intel-xeon-e5-2683-v3
904,Intel Core i7 12700TE,6634,12,20,1.4GHz,2022.01,https://www.topcpu.net/cpu/intel-core-i7-12700te
905,Intel Core i5 1235U,6631,10,12,1.3GHz,2022.02,https://www.topcpu.net/cpu/intel-core-i5-1235u
906,Intel Xeon D-1732TE,6613,8,16,1.9GHz,2022.02,https://www.topcpu.net/cpu/xeon-d-1732te
907,Intel Xeon W-1370,6598,8,16,2.9GHz,2021.05,https://www.topcpu.net/cpu/xeon-w-1370
908,AMD Ryzen 3 7440U,6566,4,8,3.0GHz,2023.10,https://www.topcpu.net/cpu/amd-ryzen-3-7440u
909,AMD Ryzen 5 5600HS,6562,6,12,3.0GHz,2021.01,https://www.topcpu.net/cpu/amd-ryzen-5-5600hs
910,AMD Ryzen 5 7430U,6553,6,12,2.3GHz,2023.01,https://www.topcpu.net/cpu/amd-ryzen-5-7430u
911,Intel Core i7 11375H,6524,4,8,3.0-3.3GHz,2021.01,https://www.topcpu.net/cpu/intel-core-i7-11375h
912,AMD Ryzen 5 3500X,6523,6,6,3.6GHz,2019.09,https://www.topcpu.net/cpu/amd-ryzen-5-3500x
913,AMD Ryzen 5 7533HS,6514,6,12,3.3GHz,2024.09,https://www.topcpu.net/cpu/amd-ryzen-5-7533hs
914,AMD Ryzen 5 Pro 4650G,6500,6,12,3.7GHz,2020.07,https://www.topcpu.net/cpu/amd-ryzen-5-pro-4650g
915,Intel Core i7 6800K,6495,6,12,3.4GHz,2016.05,https://www.topcpu.net/cpu/intel-core-i7-6800k
916,Intel Xeon Gold 5318H,6493,18,36,2.5GHz,2021.04,https://www.topcpu.net/cpu/intel-xeon-gold-5318h
917,Intel Core i5 10500,6491,6,12,3.1GHz,2020.05,https://www.topcpu.net/cpu/intel-core-i5-10500
918,Intel Core i7 9700F,6479,8,8,3.0GHz,2019.04,https://www.topcpu.net/cpu/intel-core-i7-9700f
919,AMD Ryzen 3 Pro 8300G,6468,4,8,3.4GHz,2024.04,https://www.topcpu.net/cpu/amd-ryzen-3-pro-8300g
920,Intel Xeon E7-8893 v3,6464,4,8,3.2GHz,2015.06,https://www.topcpu.net/cpu/intel-xeon-e7-8893-v3
921,Intel Xeon W-2155,6459,10,20,3.3GHz,2017.08,https://www.topcpu.net/cpu/intel-xeon-w-2155
922,Intel Core i9 9980HK,6449,8,16,2.4GHz,2019.04,https://www.topcpu.net/cpu/intel-core-i9-9980hk
923,AMD Ryzen 3 8300GE,6449,4,8,3.5GHz,2024.04,https://www.topcpu.net/cpu/amd-ryzen-3-8300ge
924,AMD Ryzen 7 5800U,6437,8,16,1.9GHz,2021.01,https://www.topcpu.net/cpu/amd-ryzen-7-5800u
925,Intel Core i5-14501E,6427,6,12,3.3GHz,2024.07,https://www.topcpu.net/cpu/intel-core-i5-14501e
926,Intel Core i5 10600,6422,6,12,3.3GHz,2020.05,https://www.topcpu.net/cpu/intel-core-i5-10600
927,Intel Core i9 9900K,6395,8,16,3.6GHz,2018.10,https://www.topcpu.net/cpu/intel-core-i9-9900k
928,Intel Xeon Gold 6330H,6394,24,48,2GHz,2021.04,https://www.topcpu.net/cpu/intel-xeon-gold-6330h
929,AMD Ryzen 7 4700GE,6361,8,16,3.6GHz,2020.07,https://www.topcpu.net/cpu/amd-ryzen-7-4700ge
930,AMD Ryzen 5 5600U,6350,6,12,2.3GHz,2021.01,https://www.topcpu.net/cpu/amd-ryzen-5-5600u
931,AMD Ryzen 7 3800XT,6343,8,16,3.9GHz,2020.07,https://www.topcpu.net/cpu/amd-ryzen-7-3800xt
932,Intel Core i7 8700K,6339,6,12,3.7GHz,2017.10,https://www.topcpu.net/cpu/intel-core-i7-8700k
933,Intel Core i5 9600K,6338,6,6,3.7GHz,2018.10,https://www.topcpu.net/cpu/intel-core-i5-9600k
934,AMD EPYC 7663,6330,56,112,2GHz,2021.03,https://www.topcpu.net/cpu/amd-epyc-7663
935,Intel Xeon D-2733NT,6305,8,16,2.1GHz,2022.02,https://www.topcpu.net/cpu/xeon-d-2733nt
936,Intel Xeon W-2133,6291,6,12,3.6GHz,2017.08,https://www.topcpu.net/cpu/intel-xeon-w-2133
937,AMD Ryzen 5 4600GE,6287,6,12,3.3GHz,2020.07,https://www.topcpu.net/cpu/amd-ryzen-5-4600ge
938,AMD Ryzen 7 Pro 4750GE,6279,8,16,3.6GHz,2020.07,https://www.topcpu.net/cpu/amd-ryzen-7-pro-4750ge
939,Intel Core i5 9600KF,6268,6,6,3.7GHz,2019.01,https://www.topcpu.net/cpu/intel-core-i5-9600kf
940,AMD Ryzen Threadripper 1900X,6234,8,16,3.8GHz,2017.08,https://www.topcpu.net/cpu/amd-ryzen-threadripper-1900x
941,AMD Ryzen 3 PRO 8300GE,6221,4,8,3.4GHz,2024.04,https://www.topcpu.net/cpu/amd-ryzen-3-pro-8300ge
942,Intel Core i5 10400F,6209,6,12,2.9GHz,2020.05,https://www.topcpu.net/cpu/intel-core-i5-10400f
943,Intel Core 3 100U,6209,6,8,1.2GHz,2024.01,https://www.topcpu.net/cpu/intel-core-3-100u
944,Intel Xeon Gold 5320T,6201,20,40,2.3GHz,2021.04,https://www.topcpu.net/cpu/intel-xeon-gold-5320t
945,AMD Ryzen 5 7235HS,6196,4,8,3.2GHz,2023.01,https://www.topcpu.net/cpu/amd-ryzen-5-7235hs
946,AMD EPYC 7551P,6192,32,64,2GHz,2017.06,https://www.topcpu.net/cpu/amd-epyc-7551p
947,Intel Xeon W-11865MLE,6184,8,16,1.5GHz,2021.08,https://www.topcpu.net/cpu/intel-xeon-w-11865mle
948,Intel Xeon E5-2666 v3,6173,10,20,2.9GHz,2014.11,https://www.topcpu.net/cpu/intel-xeon-e5-2666-v3
949,AMD Ryzen 5 Pro 4650GE,6154,6,12,3.3GHz,2020.07,https://www.topcpu.net/cpu/amd-ryzen-5-pro-4650ge
950,AMD Ryzen 7 PRO 4750U,6129,8,16,1.7GHz,2020.05,https://www.topcpu.net/cpu/amd-ryzen-7-pro-4750u
951,Intel Xeon E5-2690 v3,6118,12,24,2.6GHz,2014.09,https://www.topcpu.net/cpu/intel-xeon-e5-2690-v3
952,AMD Ryzen 9 4900H,6103,8,16,3.3GHz,2020.03,https://www.topcpu.net/cpu/amd-ryzen-9-4900h
953,Intel Core i7 1185G7,6100,4,8,1.2-3.0GHz,2020.09,https://www.topcpu.net/cpu/intel-core-i7-1185g7
954,AMD Ryzen 7 2700,6098,8,16,3.2GHz,2018.04,https://www.topcpu.net/cpu/amd-ryzen-7-2700
955,Intel Xeon E-2136,6098,6,12,3.3GHz,2018.07,https://www.topcpu.net/cpu/xeon-e-2136
956,Intel Core i7 7800X,6082,6,12,3.5GHz,2017.05,https://www.topcpu.net/cpu/intel-core-i7-7800x
957,Intel Core i5 12500,6066,6,12,3.0GHz,2022.01,https://www.topcpu.net/cpu/intel-core-i5-12500
958,Intel Xeon Platinum 8352M,6052,32,64,2.3GHz,2021.04,https://www.topcpu.net/cpu/intel-xeon-platinum-8352m
959,Intel Core i5 8600K,6050,6,6,3.6GHz,2017.10,https://www.topcpu.net/cpu/intel-core-i5-8600k
960,Intel Xeon E-2126G,6046,6,6,3.3GHz,2018.07,https://www.topcpu.net/cpu/xeon-e-2126g
961,Intel Core i3 1315U,6040,6,8,1.2GHz,2023.01,https://www.topcpu.net/cpu/intel-core-i3-1315u
962,Intel Xeon Silver 4310,6024,12,24,2.1GHz,2021.04,https://www.topcpu.net/cpu/intel-xeon-silver-4310
963,AMD EPYC 7543P,6021,32,64,2.8GHz,2021.03,https://www.topcpu.net/cpu/amd-epyc-7543p
964,Intel Core i5 12500TE,5979,6,12,1.9GHz,2022.01,https://www.topcpu.net/cpu/intel-core-i5-12500te
965,Intel Xeon Gold 6454S,5978,32,64,2.2GHz,2023.01,https://www.topcpu.net/cpu/intel-xeon-gold-6454s
966,AMD Ryzen 7 1800X,5970,8,16,3.6GHz,2017.03,https://www.topcpu.net/cpu/amd-ryzen-7-1800x
967,Intel Xeon E-2244G,5946,4,8,3.8GHz,2019.05,https://www.topcpu.net/cpu/xeon-e-2244g
968,AMD EPYC 7252,5929,8,16,3.1GHz,2019.08,https://www.topcpu.net/cpu/amd-epyc-7252
969,AMD Ryzen 5 5500U,5919,6,12,2.1GHz,2021.01,https://www.topcpu.net/cpu/amd-ryzen-5-5500u
970,Intel Core i5 10400,5919,6,12,2.9GHz,2020.05,https://www.topcpu.net/cpu/intel-core-i5-10400
971,Intel Xeon E-2334,5905,4,8,3.4GHz,2021.09,https://www.topcpu.net/cpu/intel-xeon-e-2334
972,Intel Core i7 10870H,5895,8,16,2.2GHz,2020.09,https://www.topcpu.net/cpu/intel-core-i7-10870h
973,AMD Ryzen 5 4600G,5889,6,12,3.7GHz,2020.07,https://www.topcpu.net/cpu/amd-ryzen-5-4600g
974,Intel Xeon Max 9480,5876,56,112,1.9GHz,2023.01,https://www.topcpu.net/cpu/intel-xeon-max-9480
975,AMD Ryzen 3 3300X,5874,4,8,3.8GHz,2020.04,https://www.topcpu.net/cpu/amd-ryzen-3-3300x
976,Intel Xeon Platinum 8256,5871,4,8,3.8GHz,2018.12,https://www.topcpu.net/cpu/xeon-platinum-8256
977,Intel Xeon E7-4830 v3,5868,12,24,2.1GHz,2015.06,https://www.topcpu.net/cpu/intel-xeon-e7-4830-v3
978,Intel Xeon E5-2667,5866,6,12,2.9GHz,2012.03,https://www.topcpu.net/cpu/intel-xeon-e5-2667
979,Intel Xeon Platinum 8450H,5860,28,56,2GHz,2023.01,https://www.topcpu.net/cpu/intel-xeon-platinum-8450h
980,Intel Xeon Gold 6336Y,5855,24,48,2.4GHz,2021.04,https://www.topcpu.net/cpu/intel-xeon-gold-6336y
981,Intel Xeon E3-1285 v6,5854,4,8,4.1GHz,2017.08,https://www.topcpu.net/cpu/intel-xeon-e3-1285-v6
982,Intel Core i5 9600,5834,6,6,3.1GHz,2019.04,https://www.topcpu.net/cpu/intel-core-i5-9600
983,Intel Xeon E5-2670 v3,5826,12,24,2.3GHz,2014.09,https://www.topcpu.net/cpu/intel-xeon-e5-2670-v3
984,Intel Xeon E5-2670,5826,8,16,2.6GHz,2012.03,https://www.topcpu.net/cpu/intel-xeon-e5-2670
985,AMD Ryzen 5 5625U,5819,6,12,2.3GHz,2022.01,https://www.topcpu.net/cpu/amd-ryzen-5-5625u
986,Intel Xeon Gold 6438N,5800,32,64,2GHz,2023.01,https://www.topcpu.net/cpu/intel-xeon-gold-6438n
987,Intel Xeon Silver 4316,5776,20,40,2.3GHz,2021.04,https://www.topcpu.net/cpu/intel-xeon-silver-4316
988,AMD Ryzen Embedded V2546,5775,6,12,3GHz,2020.11,https://www.topcpu.net/cpu/amd-ryzen-embedded-v2546
989,AMD Ryzen 7 6800U​,5774,8,16,2.7GHz,2022.01,https://www.topcpu.net/cpu/amd-ryzen-7-6800u
990,AMD Ryzen 7 2700X,5763,8,16,3.7GHz,2018.04,https://www.topcpu.net/cpu/amd-ryzen-7-2700x
991,Intel Xeon Platinum 8470N,5743,52,104,1.7GHz,2023.01,https://www.topcpu.net/cpu/intel-xeon-platinum-8470n
992,Intel Core i5 1135G7,5743,4,8,0.9-2.4GHz,2020.09,https://www.topcpu.net/cpu/intel-core-i5-1135g7
993,Intel Xeon E-2414,5742,4,4,2.6GHz,2023.12,https://www.topcpu.net/cpu/xeon-e-2414
994,Intel Xeon E5-2650 v3,5736,10,20,2.3GHz,2014.09,https://www.topcpu.net/cpu/intel-xeon-e5-2650-v3
995,Intel Xeon E5-1650 v3,5726,6,12,3.5GHz,2014.09,https://www.topcpu.net/cpu/intel-xeon-e5-1650-v3
996,Intel Xeon E5-1650,5726,6,12,3.2GHz,2012.03,https://www.topcpu.net/cpu/intel-xeon-e5-1650
997,Intel Core i5 10600KF,5706,6,12,4.1GHz,2020.05,https://www.topcpu.net/cpu/intel-core-i5-10600kf
998,Intel Core i5 9500F,5695,6,6,3.0GHz,2019.04,https://www.topcpu.net/cpu/intel-core-i5-9500f
999,Intel Core i7 10700T,5675,8,16,2.0GHz,2020.05,https://www.topcpu.net/cpu/intel-core-i7-10700t
1000,Intel Core i7 11390H,5672,4,8,2.9-3.4GHz,2021.06,https://www.topcpu.net/cpu/intel-core-i7-11390h
