排名,名称,Cinebench_R23_多核跑分,核心数,线程数,频率,上市时间,详情页
1,AMD Ryzen Threadripper PRO 9995WX,129989,96,192,2.5GHz,2025.07,https://www.topcpu.net/cpu/amd-ryzen-threadripper-pro-9995wx
2,AMD Ryzen Threadripper PRO 7995WX,100295,96,192,2.5GHz,2023.10,https://www.topcpu.net/cpu/amd-ryzen-threadripper-pro-7995wx
3,AMD Ryzen Threadripper 7980X,98341,64,128,3.2GHz,2023.10,https://www.topcpu.net/cpu/amd-ryzen-threadripper-7980x
4,AMD Ryzen Threadripper 3990X,75671,64,128,2.9GHz,2020.01,https://www.topcpu.net/cpu/amd-ryzen-threadripper-3990x
5,AMD Ryzen Threadripper Pro 3995WX,73220,16,32,3.9GHz,2020.07,https://www.topcpu.net/cpu/amd-ryzen-threadripper-pro-3995wx
6,Intel Xeon w9-3495X,72233,56,112,1.9GHz,2023.02,https://www.topcpu.net/cpu/intel-xeon-w9-3495x
7,AMD EPYC 7763,61455,64,128,2.45GHz,2021.03,https://www.topcpu.net/cpu/amd-epyc-7763
8,AMD EPYC 7742,54063,64,128,2.25GHz,2019.08,https://www.topcpu.net/cpu/amd-epyc-7742
9,AMD Ryzen Threadripper PRO 5975WX,53977,32,64,3.6GHz,2022.03,https://www.topcpu.net/cpu/amd-ryzen-threadripper-pro-5975wx
10,AMD EPYC 7702,49035,64,128,2GHz,2019.08,https://www.topcpu.net/cpu/amd-epyc-7702
11,AMD EPYC 7702P,48997,64,128,2GHz,2019.08,https://www.topcpu.net/cpu/amd-epyc-7702p
12,AMD Ryzen Threadripper 3970X,46874,32,64,3.7GHz,2019.11,https://www.topcpu.net/cpu/amd-ryzen-threadripper-3970x
13,Apple M4 Ultra,44822,32,32,4.52GHz,2025.05,https://www.topcpu.net/cpu/apple-m4-ultra
14,AMD Ryzen Threadripper Pro 3975WX,43450,32,64,3.5GHz,2020.07,https://www.topcpu.net/cpu/amd-ryzen-threadripper-pro-3975wx
15,Intel Core Ultra 7 270K Plus,43070,24,24,3.7GHz,2026.03,https://www.topcpu.net/cpu/intel-core-ultra-7-270k-plus
16,AMD Ryzen 9 9950X3D,42369,16,32,4.3GHz,2025.03,https://www.topcpu.net/cpu/amd-ryzen-9-9950x3d
17,AMD Ryzen 9 9950X,42074,16,32,4.3GHz,2024.06,https://www.topcpu.net/cpu/amd-ryzen-9-9950x
18,Intel Core Ultra 9 285K,41583,24,24,3.7GHz,2024.10,https://www.topcpu.net/cpu/intel-core-ultra-9-285k
19,Intel Core i9 14900KS,40976,24,32,3.2GHz,2024.03,https://www.topcpu.net/cpu/intel-core-i9-14900ks
20,Intel Core i9 13900KS,40837,24,32,3.2GHz,2023.01,https://www.topcpu.net/cpu/intel-core-i9-13900ks
21,AMD Ryzen Threadripper PRO 5965WX,40535,24,48,3.8GHz,2022.03,https://www.topcpu.net/cpu/amd-ryzen-threadripper-pro-5965wx
22,Intel Core Ultra 9 285HX,38999,24,24,2.8GHz,2025.01,https://www.topcpu.net/cpu/intel-core-ultra-9-285hx
23,AMD Ryzen 9 7950X3D,38581,16,32,4.2GHz,2023.01,https://www.topcpu.net/cpu/amd-ryzen-9-7950x3d
24,Intel Core Ultra 9 290HX Plus,38581,24,24,2.7GHz,2026.01,https://www.topcpu.net/cpu/intel-core-ultra-9-290hx-plus
25,AMD Ryzen 9 9950X3D2,38579,16,32,4.3GHz,2026.03,https://www.topcpu.net/cpu/amd-ryzen-9-9950x3d2
26,Intel Core i9 14900K,38497,24,32,3.2GHz,2023.10,https://www.topcpu.net/cpu/intel-core-i9-14900k
27,Intel Core i9 14900KF,38497,24,32,3.2GHz,2023.10,https://www.topcpu.net/cpu/intel-core-i9-14900kf
28,AMD Ryzen 9 7950X,38165,16,32,4.5GHz,2022.08,https://www.topcpu.net/cpu/amd-ryzen-9-7950x
29,Intel Core Ultra 7 265KF,37273,20,20,3.9GHz,2024.10,https://www.topcpu.net/cpu/intel-core-ultra-7-265kf
30,Intel Core i9 13900K,37263,24,32,3.0GHz,2022.09,https://www.topcpu.net/cpu/intel-core-i9-13900k
31,Intel Core i9 13900KF,37263,24,32,3.0GHz,2022.09,https://www.topcpu.net/cpu/intel-core-i9-13900kf
32,AMD Ryzen 9 9955HX3D,37246,16,32,2.5GHz,2025.01,https://www.topcpu.net/cpu/amd-ryzen-9-9955hx3d
33,AMD EPYC 7502P,36403,32,64,2.5GHz,2019.08,https://www.topcpu.net/cpu/amd-epyc-7502p
34,Intel Core Ultra 7 265K,36296,20,20,3.9GHz,2024.10,https://www.topcpu.net/cpu/intel-core-ultra-7-265k
35,AMD Ryzen 9 9955HX,35887,16,32,2.5GHz,2025.01,https://www.topcpu.net/cpu/amd-ryzen-9-9955hx
36,Intel Core i9 13900,35774,24,32,2.0GHz,2023.01,https://www.topcpu.net/cpu/intel-core-i9-13900
37,Intel Core i9 13900F,35774,24,32,2.0GHz,2023.01,https://www.topcpu.net/cpu/intel-core-i9-13900f
38,Intel Core i9 14900F,35220,24,32,2.0GHz,2024.01,https://www.topcpu.net/cpu/intel-core-i9-14900f
39,AMD Ryzen AI Max+ Pro 395,35071,16,32,3.0GHz,2025.01,https://www.topcpu.net/cpu/amd-ryzen-ai-max-pro-395
40,AMD Ryzen 9 8945HX,34973,16,32,2.5GHz,2025.04,https://www.topcpu.net/cpu/amd-ryzen-9-8945hx
41,AMD Ryzen Threadripper 3960X,34932,24,48,3.8GHz,2019.11,https://www.topcpu.net/cpu/amd-ryzen-threadripper-3960x
42,Intel Core i9 14900,34901,24,32,2.0GHz,2024.01,https://www.topcpu.net/cpu/intel-core-i9-14900
43,Intel Core i7 14700K,34805,20,28,3.4GHz,2023.10,https://www.topcpu.net/cpu/intel-core-i7-14700k
44,Intel Core i7 14700KF,34805,20,28,3.4GHz,2023.10,https://www.topcpu.net/cpu/intel-core-i7-14700kf
45,AMD Ryzen 9 9900X3D,34524,12,24,4.4GHz,2025.01,https://www.topcpu.net/cpu/amd-ryzen-9-9900x3d
46,AMD Ryzen AI Max+ 395,33943,16,32,3.0GHz,2025.01,https://www.topcpu.net/cpu/amd-ryzen-ai-max-395
47,AMD Ryzen 9 7945HX,33542,16,32,2.5GHz,2023.01,https://www.topcpu.net/cpu/amd-ryzen-9-7945hx
48,AMD Ryzen 9 7945HX3D,33539,16,32,2.3GHz,2023.08,https://www.topcpu.net/cpu/amd-ryzen-9-7945hx3d
49,AMD Ryzen 9 7940HX,33370,16,32,2.4GHz,2024.01,https://www.topcpu.net/cpu/amd-ryzen-9-7940hx
50,Intel Core Ultra 9 285,33309,24,24,2.5GHz,2024.12,https://www.topcpu.net/cpu/intel-core-ultra-9-285
51,Intel Core i7 14700F,32790,20,28,2.1GHz,2024.01,https://www.topcpu.net/cpu/intel-core-i7-14700f
52,AMD Ryzen 9 9900X,32626,12,24,4.4GHz,2024.06,https://www.topcpu.net/cpu/amd-ryzen-9-9900x
53,Intel Core i7 14700,32602,20,28,2.1GHz,2024.01,https://www.topcpu.net/cpu/intel-core-i7-14700
54,Intel Xeon W-3175X,32315,28,56,3.1GHz,2019.01,https://www.topcpu.net/cpu/intel-xeon-w-3175x
55,Intel Core i9 14900HX,31592,24,32,2.2GHz,2024.01,https://www.topcpu.net/cpu/intel-core-i9-14900hx
56,Apple M5 Max (40-core GPU),31566,18,18,4.61GHz,2026.03,https://www.topcpu.net/cpu/apple-m5-max-40-core-gpu
57,Intel Core i9 13980HX,31314,24,32,2.2GHz,2023.01,https://www.topcpu.net/cpu/intel-core-i9-13980hx
58,Intel Core Ultra 9 275HX,31244,24,24,2.7GHz,2025.01,https://www.topcpu.net/cpu/intel-core-ultra-9-275hx
59,Apple M5 Max (32-core GPU),31082,18,18,4.61GHz,2026.03,https://www.topcpu.net/cpu/apple-m5-max-32-core-gpu
60,Intel Core i7 13700K,30770,16,24,3.4GHz,2022.09,https://www.topcpu.net/cpu/intel-core-i7-13700k
61,Intel Core i7 13700KF,30770,16,24,3.4GHz,2022.09,https://www.topcpu.net/cpu/intel-core-i7-13700kf
62,AMD Ryzen AI Max 390,30768,12,24,3.2GHz,2025.01,https://www.topcpu.net/cpu/amd-ryzen-ai-max-390
63,Intel Core i9 13950HX,30317,24,32,2.2GHz,2023.01,https://www.topcpu.net/cpu/intel-core-i9-13950hx
64,AMD Ryzen Threadripper 2990WX,29651,32,64,3.0GHz,2018.08,https://www.topcpu.net/cpu/amd-ryzen-threadripper-2990wx
65,AMD Ryzen 9 8940HX,29610,16,32,2.4GHz,2025.04,https://www.topcpu.net/cpu/amd-ryzen-9-8940hx
66,Intel Core i7 14790F,29535,16,24,2.1GHz,2024.01,https://www.topcpu.net/cpu/intel-core-i7-14790f
67,Intel Core i9 13900HX,29473,24,32,2.2GHz,2023.01,https://www.topcpu.net/cpu/intel-core-i9-13900hx
68,AMD Ryzen 9 7900,29358,12,24,3.7GHz,2023.01,https://www.topcpu.net/cpu/amd-ryzen-9-7900
69,AMD Ryzen 9 7900X,29242,12,24,4.7GHz,2022.09,https://www.topcpu.net/cpu/amd-ryzen-9-7900x
70,Intel Core Ultra 5 250KF Plus,29012,18,18,4.2GHz,2026.03,https://www.topcpu.net/cpu/intel-core-ultra-5-250kf-plus
71,Intel Core Ultra 5 250K Plus,28965,18,18,4.2GHz,2026.03,https://www.topcpu.net/cpu/intel-core-ultra-5-250k-plus
72,Intel Core Ultra 7 265F,28930,20,20,2.4GHz,2024.12,https://www.topcpu.net/cpu/intel-core-ultra-7-265f
73,Apple M2 Ultra,28910,24,24,3.5GHz,2023.05,https://www.topcpu.net/cpu/apple-m2-ultra
74,AMD Ryzen 9 PRO 7945,28905,12,24,3.7GHz,2023.06,https://www.topcpu.net/cpu/amd-ryzen-9-pro-7945
75,AMD Ryzen AI Max 385,28876,8,16,3.6GHz,2025.01,https://www.topcpu.net/cpu/amd-ryzen-ai-max-385
76,AMD Ryzen 9 5950X,28782,16,32,3.4GHz,2020.10,https://www.topcpu.net/cpu/amd-ryzen-9-5950x
77,Intel Core Ultra 7 265,28699,20,20,2.4GHz,2024.12,https://www.topcpu.net/cpu/intel-core-ultra-7-265
78,Intel Core i9 7980XE,28196,18,36,2.6GHz,2017.09,https://www.topcpu.net/cpu/intel-core-i9-7980xe
79,Intel Core Ultra 7 270HX Plus,28042,20,20,2.4GHz,2026.01,https://www.topcpu.net/cpu/intel-core-ultra-7-270hx-plus
80,Intel Core Ultra 7 265HX,27881,20,20,2.6GHz,2025.01,https://www.topcpu.net/cpu/intel-core-ultra-7-265hx
81,Intel Core i9 12900KS,27796,16,24,3.4GHz,2022.04,https://www.topcpu.net/cpu/intel-core-i9-12900ks
82,Intel Core i9 12900K,27422,16,24,"3,2GHz",2021.10,https://www.topcpu.net/cpu/intel-core-i9-12900k
83,Intel Core i9 12900KF,27422,16,24,3.2GHz,2021.10,https://www.topcpu.net/cpu/intel-core-i9-12900kf
84,Apple M4 Max 16 Core,27392,16,16,4.52GHz,2024.10,https://www.topcpu.net/cpu/apple-m4-max-16-core
85,AMD Ryzen Threadripper Pro 3955WX,27175,16,32,3.9GHz,2020.07,https://www.topcpu.net/cpu/amd-ryzen-threadripper-pro-3955wx
86,Intel Core i9 9980XE,27093,18,36,3.0GHz,2018.10,https://www.topcpu.net/cpu/intel-core-i9-9980xe
87,AMD Ryzen 9 7900X3D,27084,12,24,4.4GHz,2023.01,https://www.topcpu.net/cpu/amd-ryzen-9-7900x3d
88,AMD Ryzen 9 9850HX,26711,12,24,3.0GHz,2025.01,https://www.topcpu.net/cpu/amd-ryzen-9-9850hx
89,AMD Ryzen 9 7845HX,26641,12,24,3.0GHz,2023.01,https://www.topcpu.net/cpu/amd-ryzen-9-7845hx
90,Intel Core i9 12900F,26455,16,24,2.4GHz,2022.01,https://www.topcpu.net/cpu/intel-core-i9-12900f
91,Intel Core i9 12900,26454,16,24,2.4GHz,2022.01,https://www.topcpu.net/cpu/intel-core-i9-12900
92,AMD Ryzen Threadripper 2970WX,26292,24,48,3.0GHz,2018.10,https://www.topcpu.net/cpu/amd-ryzen-threadripper-2970wx
93,Intel Core i7 13790F,26247,16,24,2.1GHz,2023.02,https://www.topcpu.net/cpu/intel-core-i7-13790f
94,Intel Core i7 13850HX,25815,20,28,2.1GHz,2023.01,https://www.topcpu.net/cpu/intel-core-i7-13850hx
95,AMD Ryzen AI Max Pro 380,25815,6,12,3.6GHz,2025.01,https://www.topcpu.net/cpu/amd-ryzen-ai-max-pro-380
96,Intel Core Ultra 7 255HX,25611,20,20,2.4GHz,2025.01,https://www.topcpu.net/cpu/intel-core-ultra-7-255hx
97,Intel Core i7 13700F,25403,16,24,2.1GHz,2023.01,https://www.topcpu.net/cpu/intel-core-i7-13700f
98,Intel Core Ultra 5 245KF,25194,14,14,4.2GHz,2024.10,https://www.topcpu.net/cpu/intel-core-ultra-5-245kf
99,Intel Core Ultra 5 245K,25099,14,14,4.2GHz,2024.10,https://www.topcpu.net/cpu/intel-core-ultra-5-245k
100,Intel Core i7 13700,24993,16,24,2.1GHz,2023.01,https://www.topcpu.net/cpu/intel-core-i7-13700
101,Intel Core i9 10980XE,24899,18,36,3.0GHz,2019.10,https://www.topcpu.net/cpu/intel-core-i9-10980xe
102,Apple M5 Pro (18-Core),24400,18,18,4.61GHz,2026.03,https://www.topcpu.net/cpu/apple-m5-pro-18-core
103,AMD Ryzen 9 3950X,24396,16,32,3.5GHz,2019.11,https://www.topcpu.net/cpu/amd-ryzen-9-3950x
104,Apple M3 Max,24002,16,16,4.05GHz,2023.10,https://www.topcpu.net/cpu/apple-m3-max
105,Intel Core i5 14600K,23983,14,20,3.5GHz,2023.10,https://www.topcpu.net/cpu/intel-core-i5-14600k
106,Intel Core i5 14600KF,23983,14,20,3.5GHz,2023.10,https://www.topcpu.net/cpu/intel-core-i5-14600kf
107,Intel Core i5 14600,23945,14,20,2.7GHz,2024.01,https://www.topcpu.net/cpu/intel-core-i5-14600
108,Intel Core i5 13600K,23847,14,20,3.5GHz,2022.09,https://www.topcpu.net/cpu/intel-core-i5-13600k
109,Intel Core i5 13600KF,23847,14,20,3.5GHz,2022.09,https://www.topcpu.net/cpu/intel-core-i5-13600kf
110,AMD Ryzen AI 9 HX 370,23783,12,24,2.0GHz,2024.06,https://www.topcpu.net/cpu/amd-ryzen-ai-9-hx-370
111,Intel Core i7 14650HX,23782,16,24,2.2GHz,2024.01,https://www.topcpu.net/cpu/intel-core-i7-14650hx
112,Intel Core Ultra X7 368H,23725,16,16,20GHz,2026.01,https://www.topcpu.net/cpu/intel-core-ultra-x7-368h
113,Apple M4 Pro 14 Core,23446,14,14,4.52GHz,2024.10,https://www.topcpu.net/cpu/apple-m4-pro-14-core
114,AMD Ryzen 7 9800X3D,23349,8,16,4.7GHz,2024.11,https://www.topcpu.net/cpu/amd-ryzen-7-9800x3d
115,AMD Ryzen 7 9850X3D,23192,8,16,4.7GHz,2026.01,https://www.topcpu.net/cpu/amd-ryzen-7-9850x3d
116,Apple M1 Ultra,23054,20,20,3.2GHz,2022.03,https://www.topcpu.net/cpu/apple-m1-ultra
117,Qualcomm Snapdragon X2 Elite Extreme (X2E-94-100),23013,18,18,3.6GHz,2025.09,https://www.topcpu.net/cpu/qualcomm-snapdragon-x2-elite-extreme-x2e-94-100
118,Apple M4 Max 14 Core,22854,14,14,4.52GHz,2024.10,https://www.topcpu.net/cpu/apple-m4-max-14-core
119,Intel Core i9 12900T,22804,16,24,1.4GHz,2022.01,https://www.topcpu.net/cpu/intel-core-i9-12900t
120,Intel Core i7 12700K,22801,12,20,3.6GHz,2021.10,https://www.topcpu.net/cpu/intel-core-i7-12700k
121,Intel Core i7 12700KF,22801,12,20,3.6GHz,2021.10,https://www.topcpu.net/cpu/intel-core-i7-12700kf
122,Intel Core Ultra 5 235,22685,14,14,3.4GHz,2024.12,https://www.topcpu.net/cpu/intel-core-ultra-5-235
123,Apple M5 Pro (15-Core),22591,15,15,4.61GHz,2026.03,https://www.topcpu.net/cpu/apple-m5-pro-15-core
124,AMD Ryzen 7 7800X,22550,8,16,4.5GHz,2023.01,https://www.topcpu.net/cpu/amd-ryzen-7-7800x
125,Intel Core Ultra 9 285H,22192,16,16,2.9GHz,2025.01,https://www.topcpu.net/cpu/intel-core-ultra-9-285h
126,Intel Core i9 7960X,22189,16,32,2.8GHz,2017.09,https://www.topcpu.net/cpu/intel-core-i9-7960x
127,AMD Ryzen AI 9 HX 475,22180,12,24,2.0GHz,2026.01,https://www.topcpu.net/cpu/amd-ryzen-ai-9-hx-475
128,Intel Core i7 14700HX,22166,20,28,2.1GHz,2024.01,https://www.topcpu.net/cpu/intel-core-i7-14700hx
129,AMD Ryzen AI 9 HX 470,22140,12,24,2.0GHz,2026.01,https://www.topcpu.net/cpu/amd-ryzen-ai-9-hx-470
130,Intel Core i5 13600,22103,14,20,2.7GHz,2023.01,https://www.topcpu.net/cpu/intel-core-i5-13600
131,AMD Ryzen 9 5900X,22046,12,24,3.7GHz,2020.10,https://www.topcpu.net/cpu/amd-ryzen-9-5900x
132,Intel Core i5 14500,21949,14,20,2.6GHz,2024.01,https://www.topcpu.net/cpu/intel-core-i5-14500
133,AMD Ryzen AI 9 HX 375,21724,12,24,2.0GHz,2024.07,https://www.topcpu.net/cpu/amd-ryzen-ai-9-hx-375
134,Intel Core i9 12950HX,21471,16,24,2.3GHz,2022.05,https://www.topcpu.net/cpu/intel-core-i9-12950hx
135,Intel Core i9 10940X,21309,14,28,3.3GHz,2019.10,https://www.topcpu.net/cpu/intel-core-i9-10940x
136,Intel Core i5 13500,21093,14,20,2.5GHz,2023.01,https://www.topcpu.net/cpu/intel-core-i5-13500
137,Intel Core Ultra X7 358H,21056,16,16,1.9GHz,2026.01,https://www.topcpu.net/cpu/intel-core-ultra-x7-358h
138,Intel Core i9 12900HX,20977,16,24,2.3GHz,2022.05,https://www.topcpu.net/cpu/intel-core-i9-12900hx
139,Intel Core i7 13650HX,20973,14,20,2.6GHz,2023.01,https://www.topcpu.net/cpu/intel-core-i7-13650hx
140,Intel Core Ultra 5 245HX,20937,14,14,3.1GHz,2025.01,https://www.topcpu.net/cpu/intel-core-ultra-5-245hx
141,AMD Ryzen 9 5900,20887,12,24,3.0GHz,2021.01,https://www.topcpu.net/cpu/amd-ryzen-9-5900
142,Intel Core i9 13900HK,20855,14,20,2.6GHz,2023.01,https://www.topcpu.net/cpu/intel-core-i9-13900hk
143,Intel Core i7 12700,20599,12,20,2.1GHz,2022.01,https://www.topcpu.net/cpu/intel-core-i7-12700
144,AMD Ryzen 7 9700F,20598,8,16,3.8GHz,2025.09,https://www.topcpu.net/cpu/amd-ryzen-7-9700f
145,Intel Core Ultra 7 255H,20521,16,16,2.0GHz,2025.01,https://www.topcpu.net/cpu/intel-core-ultra-7-255h
146,Intel Core i5 13600HX,20233,14,20,2.6GHz,2023.01,https://www.topcpu.net/cpu/intel-core-i5-13600hx
147,Intel Core i7 13700HX,20227,16,24,2.1GHz,2023.01,https://www.topcpu.net/cpu/intel-core-i7-13700hx
148,Qualcomm Snapdragon X2 Elite X2E-88-100,20200,18,18,3.0GHz,2025.09,https://www.topcpu.net/cpu/qualcomm-snapdragon-x2-elite-x2e-88-100
149,AMD Ryzen AI 9 465,20059,10,20,2.0GHz,2026.01,https://www.topcpu.net/cpu/amd-ryzen-ai-9-465
150,AMD Ryzen 7 7700X,20001,8,16,4.5GHz,2022.09,https://www.topcpu.net/cpu/amd-ryzen-7-7700x
151,AMD Ryzen 9 Pro 9945,19948,12,24,3.4GHz,2026.01,https://www.topcpu.net/cpu/amd-ryzen-9-pro-9945
152,Intel Core i9 13905H,19937,14,20,2.6GHz,2023.01,https://www.topcpu.net/cpu/intel-core-i9-13905h
153,Intel Core i7 12800HX,19921,16,24,2.0GHz,2022.05,https://www.topcpu.net/cpu/intel-core-i7-12800hx
154,AMD Ryzen 7 7700,19910,8,16,3.8GHz,2023.01,https://www.topcpu.net/cpu/amd-ryzen-7-7700
155,Intel Core Ultra 5 235HX,19857,14,14,2.9GHz,2025.01,https://www.topcpu.net/cpu/intel-core-ultra-5-235hx
156,Intel Core i7 12700F,19795,12,20,2.1GHz,2022.01,https://www.topcpu.net/cpu/intel-core-i7-12700f
157,AMD Ryzen AI 9 365,19766,10,20,2.0GHz,2024.06,https://www.topcpu.net/cpu/amd-ryzen-ai-9-365
158,AMD Ryzen Threadripper 1950X,19635,16,32,3.4GHz,2017.08,https://www.topcpu.net/cpu/amd-ryzen-threadripper-1950x
159,AMD Ryzen 7 9700X,19539,8,16,3.8GHz,2024.06,https://www.topcpu.net/cpu/amd-ryzen-7-9700x
160,Intel Core i7 13800H,19054,14,20,2.5GHz,2023.01,https://www.topcpu.net/cpu/intel-core-i7-13800h
161,Intel Core i5 14500HX,19041,14,20,2.6GHz,2024.01,https://www.topcpu.net/cpu/intel-core-i5-14500hx
162,Intel Core Ultra 7 265H,19013,16,16,2.2GHz,2025.01,https://www.topcpu.net/cpu/intel-core-ultra-7-265h
163,AMD Ryzen Threadripper 2950X,18797,16,32,3.5GHz,2018.08,https://www.topcpu.net/cpu/amd-ryzen-threadripper-2950x
164,Intel Core i7 13705H,18634,14,20,2.4GHz,2023.01,https://www.topcpu.net/cpu/intel-core-i7-13705h
165,Apple M4 Pro 12 Core,18574,12,12,4.52GHz,2024.10,https://www.topcpu.net/cpu/apple-m4-pro-12-core
166,AMD Ryzen 9 3900X,18454,12,24,3.8GHz,2019.07,https://www.topcpu.net/cpu/amd-ryzen-9-3900x
167,AMD Ryzen 9 3900XT,18437,12,24,3.8GHz,2020.07,https://www.topcpu.net/cpu/amd-ryzen-9-3900xt
168,Intel Core Ultra 9 185H,18426,16,22,2.3GHz,2023.12,https://www.topcpu.net/cpu/intel-core-ultra-9-185h
169,Intel Core i5 13500HX,18345,14,20,2.5GHz,2023.01,https://www.topcpu.net/cpu/intel-core-i5-13500hx
170,Intel Core i7 12650HX,18291,14,20,2.0GHz,2022.05,https://www.topcpu.net/cpu/intel-core-i7-12650hx
171,Intel Core i9 13900H,18260,14,20,2.6GHz,2023.01,https://www.topcpu.net/cpu/intel-core-i9-13900h
172,Intel Core i9 12900HK,18257,14,20,2.5GHz,2022.01,https://www.topcpu.net/cpu/intel-core-i9-12900hk
173,AMD Ryzen 7 Pro 9745,18246,8,16,3.8GHz,2026.01,https://www.topcpu.net/cpu/amd-ryzen-7-pro-9745
174,Intel Core Ultra 7 356H,18102,16,16,1.9GHz,2026.01,https://www.topcpu.net/cpu/intel-core-ultra-7-356h
175,AMD Ryzen 7 7745HX,18015,8,16,3.6GHz,2023.01,https://www.topcpu.net/cpu/amd-ryzen-7-7745hx
176,Intel Core i9 9960X,17953,16,32,3.1GHz,2018.10,https://www.topcpu.net/cpu/intel-core-i9-9960x
177,Intel Xeon E5-2683 v3,17896,14,28,2GHz,2014.09,https://www.topcpu.net/cpu/intel-xeon-e5-2683-v3
178,AMD Ryzen 7 8700G,17858,8,16,4.3GHz,2024.01,https://www.topcpu.net/cpu/amd-ryzen-7-8700g
179,AMD Ryzen 7 7800X3D,17762,8,16,4.4GHz,2023.01,https://www.topcpu.net/cpu/amd-ryzen-7-7800x3d
180,Intel Core i5 12600KF,17648,10,16,3.7GHz,2021.10,https://www.topcpu.net/cpu/intel-core-i5-12600kf
181,Intel Core i5 12600K,17648,10,16,3.7GHz,2021.10,https://www.topcpu.net/cpu/intel-core-i5-12600k
182,AMD Ryzen 7 8700F,17614,8,16,4.1GHz,2024.05,https://www.topcpu.net/cpu/amd-ryzen-7-8700f
183,Intel Core i7 13700H,17612,14,20,2.4GHz,2023.01,https://www.topcpu.net/cpu/intel-core-i7-13700h
184,Intel Core Ultra 9 386H,17506,16,16,2.1GHz,2026.01,https://www.topcpu.net/cpu/intel-core-ultra-9-386h
185,AMD EPYC 7351,17401,16,32,2.4GHz,2017.06,https://www.topcpu.net/cpu/amd-epyc-7351
186,AMD Ryzen 9 PRO 8945HS,17376,8,16,4GHz,2024.04,https://www.topcpu.net/cpu/amd-ryzen-9-pro-8945hs
187,AMD Ryzen 5 Pro 9645,17163,6,12,3.9GHz,2026.01,https://www.topcpu.net/cpu/amd-ryzen-5-pro-9645
188,Intel Core Ultra 5 225,17059,10,10,3.3GHz,2024.12,https://www.topcpu.net/cpu/intel-core-ultra-5-225
189,AMD Ryzen 9 8945HS,17035,8,16,4.0GHz,2023.12,https://www.topcpu.net/cpu/amd-ryzen-9-8945hs
190,Intel Core i5 14400,16900,10,16,2.5GHz,2024.01,https://www.topcpu.net/cpu/intel-core-i5-14400
191,Intel Core 7 250H,16815,14,20,2.5GHz,2024.12,https://www.topcpu.net/cpu/intel-core-7-250h
192,AMD Ryzen AI 7 450,16700,8,16,2.0GHz,2026.01,https://www.topcpu.net/cpu/amd-ryzen-ai-7-450
193,Intel Core 7 240H,16631,10,16,2.5GHz,2024.12,https://www.topcpu.net/cpu/intel-core-7-240h
194,Intel Core i5 13490F,16572,10,16,2.5GHz,2023.02,https://www.topcpu.net/cpu/intel-core-i5-13490f
195,Intel Core Ultra 5 338H,16565,12,12,1.9GHz,2026.01,https://www.topcpu.net/cpu/intel-core-ultra-5-338h
196,Intel Core 9 270H,16516,14,20,2.7GHz,2024.12,https://www.topcpu.net/cpu/intel-core-9-270h
197,Intel Core i9 12900H,16503,14,20,2.5GHz,2022.01,https://www.topcpu.net/cpu/intel-core-i9-12900h
198,AMD Ryzen 7 7840HS,16477,8,16,3.8GHz,2023.04,https://www.topcpu.net/cpu/amd-ryzen-7-7840hs
199,AMD Ryzen 7 H 255,16387,8,16,3.8GHz,2025.08,https://www.topcpu.net/cpu/amd-ryzen-7-h-255
200,Intel Core i5 14450HX,16374,10,16,2.4GHz,2024.01,https://www.topcpu.net/cpu/intel-core-i5-14450hx
201,Intel Core i7 12850HX,16286,16,24,2.1GHz,2022.05,https://www.topcpu.net/cpu/intel-core-i7-12850hx
202,AMD Ryzen 5 9600X,16284,6,12,3.9GHz,2024.06,https://www.topcpu.net/cpu/amd-ryzen-5-9600x
203,Intel Core Ultra 5 235H,16281,14,14,2.4GHz,2025.01,https://www.topcpu.net/cpu/intel-core-ultra-5-235h
204,Intel Core i9 10850K,16234,10,20,3.6GHz,2020.07,https://www.topcpu.net/cpu/intel-core-i9-10850k
205,Intel Core i9 11900K,16211,8,16,3.5GHz,2021.03,https://www.topcpu.net/cpu/intel-core-i9-11900k
206,Intel Core i5 14400F,16124,10,16,2.5GHz,2024.01,https://www.topcpu.net/cpu/intel-core-i5-14400f
207,Intel Core Ultra 5 225F,16114,10,10,3.3GHz,2024.12,https://www.topcpu.net/cpu/intel-core-ultra-5-225f
208,AMD Ryzen 7 8845HS,16078,8,16,3.8GHz,2023.12,https://www.topcpu.net/cpu/amd-ryzen-7-8845hs
209,AMD Ryzen 7 8840HS,16034,8,16,3.3GHz,2023.12,https://www.topcpu.net/cpu/amd-ryzen-7-8840hs
210,Intel Core Ultra 5 225H,16026,14,14,1.7GHz,2025.01,https://www.topcpu.net/cpu/intel-core-ultra-5-225h
211,Intel Core Ultra 5 336H,15986,12,12,1.9GHz,2026.01,https://www.topcpu.net/cpu/intel-core-ultra-5-336h
212,AMD Ryzen 7 7840H,15930,8,16,3.8GHz,2023.01,https://www.topcpu.net/cpu/amd-ryzen-7-7840h
213,AMD Ryzen 7 PRO 8840HS,15930,8,16,3.3GHz,2024.04,https://www.topcpu.net/cpu/amd-ryzen-7-pro-8840hs
214,AMD Ryzen 7 Pro 7840HS,15930,8,16,3.8GHz,2023.06,https://www.topcpu.net/cpu/amd-ryzen-7-pro-7840hs
215,AMD Ryzen 7 PRO 8845HS,15930,8,16,3.8GHz,2024.04,https://www.topcpu.net/cpu/amd-ryzen-7-pro-8845hs
216,Apple M5 (8-core GPU),15912,10,10,4.61GHz,2026.03,https://www.topcpu.net/cpu/apple-m5-8-core-gpu
217,AMD Ryzen 7 8745HS,15909,8,16,3.8GHz,2024.07,https://www.topcpu.net/cpu/amd-ryzen-7-8745hs
218,Intel Core i7 12700H,15877,14,20,2.3GHz,2022.01,https://www.topcpu.net/cpu/intel-core-i7-12700h
219,AMD Ryzen 9 7940HS,15820,8,16,4.0GHz,2023.04,https://www.topcpu.net/cpu/amd-ryzen-9-7940hs
220,Intel Core i7 12800H,15712,14,20,2.4GHz,2022.01,https://www.topcpu.net/cpu/intel-core-i7-12800h
221,Apple M5 (10-Core),15574,10,10,4.6GHz,2025.10,https://www.topcpu.net/cpu/apple-m5-10-core
222,Intel Core i7 13620H,15397,10,16,2.4GHz,2023.01,https://www.topcpu.net/cpu/intel-core-i7-13620h
223,Intel Core i9 10920X,15354,12,24,3.5GHz,2019.10,https://www.topcpu.net/cpu/intel-core-i9-10920x
224,Intel Core i9 9940X,15351,14,28,3.3GHz,2018.10,https://www.topcpu.net/cpu/intel-core-i9-9940x
225,AMD Ryzen Threadripper 2920X,15269,12,24,3.5GHz,2018.10,https://www.topcpu.net/cpu/amd-ryzen-threadripper-2920x
226,AMD Ryzen 7 5800X,15228,8,16,3.8GHz,2020.10,https://www.topcpu.net/cpu/amd-ryzen-7-5800x
227,AMD Ryzen 5 7600X,15204,6,12,4.7GHz,2022.09,https://www.topcpu.net/cpu/amd-ryzen-5-7600x
228,Apple M3 Pro,15098,12,12,4.05GHz,2023.10,https://www.topcpu.net/cpu/apple-m3-pro
229,Intel Core Ultra 7 155H,15052,16,22,1.4GHz,2023.12,https://www.topcpu.net/cpu/intel-core-ultra-7-155h
230,AMD Ryzen Threadripper 1920X,15038,12,24,3.5GHz,2017.08,https://www.topcpu.net/cpu/amd-ryzen-threadripper-1920x
231,Intel Core i7 11700K,15011,8,16,3.6GHz,2021.03,https://www.topcpu.net/cpu/intel-core-i7-11700k
232,Intel Core i7 11700KF,15011,8,16,3.6GHz,2021.03,https://www.topcpu.net/cpu/intel-core-i7-11700kf
233,Intel Core i9 7900X,14998,10,20,3.3GHz,2017.05,https://www.topcpu.net/cpu/intel-core-i9-7900x
234,Intel Core i5 13600H,14949,12,16,2.8GHz,2023.01,https://www.topcpu.net/cpu/intel-core-i5-13600h
235,Apple M2 Max,14852,12,12,3.5GHz,2023.01,https://www.topcpu.net/cpu/apple-m2-max
236,Intel Core i9 9920X,14793,12,24,3.5GHz,2018.10,https://www.topcpu.net/cpu/intel-core-i9-9920x
237,Intel Core i5 13450HX,14791,10,16,2.4GHz,2023.01,https://www.topcpu.net/cpu/intel-core-i5-13450hx
238,Qualcomm Snapdragon X Elite (X1E-84-100),14761,12,12,3.8GHz,2023.10,https://www.topcpu.net/cpu/qualcomm-snapdragon-x-elite-x1e-84-100
239,AMD Ryzen 9 6980HS,14736,8,16,3.3GHz,2022.01,https://www.topcpu.net/cpu/amd-ryzen-9-6980hs
240,Intel Core i5 13500H,14722,12,16,2.6GHz,2023.01,https://www.topcpu.net/cpu/intel-core-i5-13500h
241,AMD Ryzen 9 6980HX,14711,8,16,3.3GHz,2022.01,https://www.topcpu.net/cpu/amd-ryzen-9-6980hx
242,AMD Ryzen 7 6800H,14586,8,16,3.2GHz,2022.01,https://www.topcpu.net/cpu/amd-ryzen-7-6800h
243,AMD Ryzen Z2 Extreme,14572,8,16,2.0GHz,2025.06,https://www.topcpu.net/cpu/amd-ryzen-z2-extreme
244,Intel Core Ultra 7 165H,14554,16,22,1.4GHz,2023.12,https://www.topcpu.net/cpu/intel-core-ultra-7-165h
245,Qualcomm Snapdragon X Elite,14548,12,12,3.8GHz,2023.10,https://www.topcpu.net/cpu/qualcomm-snapdragon-x-elite
246,AMD Ryzen 7 5800X3D,14514,8,16,3.4GHz,2022.03,https://www.topcpu.net/cpu/amd-ryzen-7-5800x3d
247,Intel Core i5 13505H,14405,12,16,2.7GHz,2023.01,https://www.topcpu.net/cpu/intel-core-i5-13505h
248,AMD Ryzen 5 7600,14389,6,12,3.8GHz,2023.01,https://www.topcpu.net/cpu/amd-ryzen-5-7600
249,Intel Core i9 10900X,14312,10,20,3.7GHz,2019.10,https://www.topcpu.net/cpu/intel-core-i9-10900x
250,Intel Core i5 13400,14311,10,16,2.5GHz,2023.01,https://www.topcpu.net/cpu/intel-core-i5-13400
251,Intel Core i5 13400F,14311,10,16,2.5GHz,2023.01,https://www.topcpu.net/cpu/intel-core-i5-13400f
252,Intel Core i9 11900KF,14197,8,16,3.5GHz,2021.03,https://www.topcpu.net/cpu/intel-core-i9-11900kf
253,Intel Core i7 12650H,14100,10,16,2.3GHz,2022.01,https://www.topcpu.net/cpu/intel-core-i7-12650h
254,AMD Ryzen 9 6900HX,14096,8,16,3.3GHz,2022.01,https://www.topcpu.net/cpu/amd-ryzen-9-6900hx
255,AMD Ryzen 7 5700X,14028,8,16,3.4GHz,2022.04,https://www.topcpu.net/cpu/amd-ryzen-7-5700x
256,AMD Ryzen 7 5800,14000,8,16,3.4GHz,2021.01,https://www.topcpu.net/cpu/amd-ryzen-7-5800
257,Intel Core i9 9900X,13994,10,20,3.5GHz,2018.10,https://www.topcpu.net/cpu/intel-core-i9-9900x
258,Intel Core i9 11980HK,13967,8,16,2.6-3.3GHz,2021.05,https://www.topcpu.net/cpu/intel-core-i9-11980hk
259,AMD Ryzen 5 7645HX,13954,6,12,4.0GHz,2023.01,https://www.topcpu.net/cpu/amd-ryzen-5-7645hx
260,AMD Ryzen 7 5700G,13945,8,16,3.8GHz,2021.04,https://www.topcpu.net/cpu/amd-ryzen-7-5700g
261,Apple M2 Pro,13929,12,12,3.5GHz,2023.01,https://www.topcpu.net/cpu/apple-m2-pro
262,Intel Core Ultra 5 135H,13888,14,18,1.7GHz,2023.12,https://www.topcpu.net/cpu/intel-core-ultra-5-135h
263,AMD Ryzen Z1 Extreme,13884,8,16,3.3GHz,2024.04,https://www.topcpu.net/cpu/amd-ryzen-z1-extreme
264,AMD Ryzen 7 3800X,13812,8,16,3.9GHz,2019.07,https://www.topcpu.net/cpu/amd-ryzen-7-3800x
265,AMD Ryzen 5 7500F,13809,6,12,3.7GHz,2023.07,https://www.topcpu.net/cpu/amd-ryzen-5-7500f
266,AMD Ryzen 7 7435HS,13804,8,16,3.1GHz,2024.04,https://www.topcpu.net/cpu/amd-ryzen-7-7435hs
267,AMD Ryzen AI 7 Pro 360,13793,8,16,2.0GHz,2024.10,https://www.topcpu.net/cpu/amd-ryzen-ai-7-pro-360
268,Intel Core i9 10900K,13761,10,20,3.7GHz,2020.05,https://www.topcpu.net/cpu/intel-core-i9-10900k
269,Intel Core i9 10900KF,13761,10,20,3.7GHz,2020.05,https://www.topcpu.net/cpu/intel-core-i9-10900kf
270,Intel Core i5 12600H,13634,12,16,2.7GHz,2022.01,https://www.topcpu.net/cpu/intel-core-i5-12600h
271,AMD Ryzen 7 7735HS,13608,8,16,3.2GHz,2023.01,https://www.topcpu.net/cpu/amd-ryzen-7-7735hs
272,AMD Ryzen 7 5700X3D,13524,8,16,3.0GHz,2024.01,https://www.topcpu.net/cpu/amd-ryzen-7-5700x3d
273,AMD Ryzen 5 7400F,13500,6,12,3.7GHz,2025.01,https://www.topcpu.net/cpu/amd-ryzen-5-7400f
274,AMD Ryzen 5 7600X3D,13469,6,12,4.1GHz,2024.09,https://www.topcpu.net/cpu/amd-ryzen-5-7600x3d
275,Intel Core i5 12600,13367,6,12,3.3GHz,2022.01,https://www.topcpu.net/cpu/intel-core-i5-12600
276,AMD Ryzen 5 8400F,13361,6,12,4.2GHz,2024.05,https://www.topcpu.net/cpu/amd-ryzen-5-8400f
277,AMD Ryzen 5 8600G,13359,6,12,4.3GHz,2024.01,https://www.topcpu.net/cpu/amd-ryzen-5-8600g
278,Intel Core i7 7820X,13358,8,16,3.6GHz,2017.05,https://www.topcpu.net/cpu/intel-core-i7-7820x
279,Intel Core i9 9900KS,13343,8,16,4.0GHz,2019.10,https://www.topcpu.net/cpu/intel-core-i9-9900ks
280,Intel Core i9 10900,13293,10,20,2.8GHz,2020.05,https://www.topcpu.net/cpu/intel-core-i9-10900
281,Intel Core i9 11900,13236,8,16,2.5GHz,2021.03,https://www.topcpu.net/cpu/intel-core-i9-11900
282,Intel Core i5 12500H,13201,12,16,2.5GHz,2022.01,https://www.topcpu.net/cpu/intel-core-i5-12500h
283,Intel Core i9 11900F,13150,8,16,2.5GHz,2021.03,https://www.topcpu.net/cpu/intel-core-i9-11900f
284,Intel Core i7 1370P,13148,14,20,1.9GHz,2023.01,https://www.topcpu.net/cpu/intel-core-i7-1370p
285,AMD Ryzen AI 7 350,13088,8,16,2.0GHz,2025.01,https://www.topcpu.net/cpu/amd-ryzen-ai-7-350
286,Qualcomm Snapdragon X Elite (X1E-80-100),13062,12,12,3.4GHz,2023.10,https://www.topcpu.net/cpu/qualcomm-snapdragon-x-elite-x1e-80-100
287,AMD Ryzen 5 8645HS,13058,6,12,4.3GHz,2023.12,https://www.topcpu.net/cpu/amd-ryzen-5-8645hs
288,Intel Core i7 9800X,13055,8,16,3.8GHz,2018.10,https://www.topcpu.net/cpu/intel-core-i7-9800x
289,AMD Ryzen 5 7640HS,12986,6,12,4.3GHz,2023.04,https://www.topcpu.net/cpu/amd-ryzen-5-7640hs
290,Intel Core Ultra 7 268V,12984,8,8,2.2GHz,2024.09,https://www.topcpu.net/cpu/intel-core-ultra-7-268v
291,Intel Core i7 10700K,12983,8,16,3.8GHz,2020.05,https://www.topcpu.net/cpu/intel-core-i7-10700k
292,AMD Ryzen 5 8640HS,12969,6,12,3.5GHz,2023.12,https://www.topcpu.net/cpu/amd-ryzen-5-8640hs
293,AMD Ryzen 7 3800XT,12952,8,16,3.9GHz,2020.07,https://www.topcpu.net/cpu/amd-ryzen-7-3800xt
294,AMD Ryzen 9 6900HS,12922,8,16,3.3GHz,2022.01,https://www.topcpu.net/cpu/amd-ryzen-9-6900hs
295,Intel Core 5 210H,12891,8,12,2.2GHz,2024.12,https://www.topcpu.net/cpu/intel-core-5-210h
296,AMD Ryzen 9 5980HS,12844,8,16,3.0GHz,2021.01,https://www.topcpu.net/cpu/amd-ryzen-9-5980hs
297,AMD Ryzen 9 5900H,12815,8,16,3.3GHz,2021.04,https://www.topcpu.net/cpu/amd-ryzen-9-5900h
298,AMD Ryzen 7 8840U,12815,8,16,3.3GHz,2023.12,https://www.topcpu.net/cpu/amd-ryzen-7-8840u
299,AMD Ryzen 5 9500F,12810,6,12,3.8GHz,2025.09,https://www.topcpu.net/cpu/amd-ryzen-5-9500f
300,Intel Core Ultra 7 266V,12798,8,8,2.2GHz,2024.09,https://www.topcpu.net/cpu/intel-core-ultra-7-266v
301,AMD Ryzen 9 5900HX,12793,8,16,3.3GHz,2021.01,https://www.topcpu.net/cpu/amd-ryzen-9-5900hx
302,AMD Ryzen 7 7840U,12789,8,16,3.3GHz,2023.05,https://www.topcpu.net/cpu/amd-ryzen-7-7840u
303,AMD Ryzen 9 5900HS,12738,8,16,3.0GHz,2021.01,https://www.topcpu.net/cpu/amd-ryzen-9-5900hs
304,AMD Ryzen 7 Pro 4750G,12693,8,16,3.6GHz,2020.07,https://www.topcpu.net/cpu/amd-ryzen-7-pro-4750g
305,Intel Core i7 10700KF,12665,8,16,3.8GHz,2020.05,https://www.topcpu.net/cpu/intel-core-i7-10700kf
306,AMD Ryzen 7 7736U,12656,8,16,27GHz,2023.01,https://www.topcpu.net/cpu/amd-ryzen-7-7736u
307,Intel Core i9 11950H,12649,8,16,2.1-2.6GHz,2021.05,https://www.topcpu.net/cpu/intel-core-i9-11950h
308,AMD Ryzen 7 6800HS,12624,8,16,3.2GHz,2022.01,https://www.topcpu.net/cpu/amd-ryzen-7-6800hs
309,Intel Core Ultra 5 125H,12621,14,18,1.2GHz,2023.12,https://www.topcpu.net/cpu/intel-core-ultra-5-125h
310,Intel Core i9 9900KF,12606,8,16,3.6GHz,2019.01,https://www.topcpu.net/cpu/intel-core-i9-9900kf
311,AMD Ryzen 7 4700G,12570,8,16,3.6GHz,2020.07,https://www.topcpu.net/cpu/amd-ryzen-7-4700g
312,Intel Core i9 9900K,12496,8,16,3.6GHz,2018.10,https://www.topcpu.net/cpu/intel-core-i9-9900k
313,Intel Core i5 12500,12471,6,12,3.0GHz,2022.01,https://www.topcpu.net/cpu/intel-core-i5-12500
314,Intel Core i9 10900T,12454,10,20,1.9GHz,2020.05,https://www.topcpu.net/cpu/intel-core-i9-10900t
315,Intel Core Ultra 5 225U,12454,12,14,1.5GHz,2025.01,https://www.topcpu.net/cpu/intel-core-ultra-5-225u
316,Apple M1 Max,12440,10,10,3.2GHz,2021.10,https://www.topcpu.net/cpu/apple-m1-max
317,,12347,10,10,3.4GHz,2024.09,https://www.topcpu.net/cpu/qualcomm-snapdragon-x-plus-x1p-66-100
318,AMD Ryzen AI 7 445,12346,6,12,2.0GHz,2026.01,https://www.topcpu.net/cpu/amd-ryzen-ai-7-445
319,Intel Core i5 12400,12344,6,12,2.5GHz,2022.01,https://www.topcpu.net/cpu/intel-core-i5-12400
320,Intel Core i5 12400F,12344,6,12,2.5GHz,2022.01,https://www.topcpu.net/cpu/intel-core-i5-12400f
321,Intel Core Ultra 7 265U,12311,12,14,2.1GHz,2025.01,https://www.topcpu.net/cpu/intel-core-ultra-7-265u
322,Intel Core Ultra 7 258V,12310,8,8,2.2GHz,2024.09,https://www.topcpu.net/cpu/intel-core-ultra-7-258v
323,Intel Core 5 220H,12244,12,16,2.7GHz,2024.12,https://www.topcpu.net/cpu/intel-core-5-220h
324,Intel Core 5 120F,12236,6,12,2.5GHz,2025.06,https://www.topcpu.net/cpu/intel-core-5-120f
325,Intel Core i7 11850H,12233,8,16,2.1-2.5GHz,2021.05,https://www.topcpu.net/cpu/intel-core-i7-11850h
326,AMD Ryzen 7 5800H,12229,8,16,3.2GHz,2021.01,https://www.topcpu.net/cpu/amd-ryzen-7-5800h
327,AMD Ryzen 5 240,12220,6,12,4.3GHz,2025.01,https://www.topcpu.net/cpu/amd-ryzen-5-240
328,Intel Core i7 1360P,12212,12,16,2.2GHz,2023.01,https://www.topcpu.net/cpu/intel-core-i7-1360p
329,AMD Ryzen 7 3700X,12173,8,16,3.6GHz,2019.07,https://www.topcpu.net/cpu/amd-ryzen-7-3700x
330,Qualcomm Snapdragon X Elite (X1E-78-100),12159,12,12,3.4GHz,2023.10,https://www.topcpu.net/cpu/qualcomm-snapdragon-x-elite-x1e-78-100
331,Intel Core i7 10700F,12149,8,16,2.9GHz,2020.05,https://www.topcpu.net/cpu/intel-core-i7-10700f
332,Intel Core Ultra 7 256V,12145,8,8,2.2GHz,2024.09,https://www.topcpu.net/cpu/intel-core-ultra-7-256v
333,Apple M4 10 Core,12123,10,10,4.41GHz,2024.05,https://www.topcpu.net/cpu/apple-m4-10-core
334,Apple M1 Pro,12116,10,10,2.0GHz,2021.10,https://www.topcpu.net/cpu/apple-m1-pro
335,Intel Core i9 9900,12084,8,16,3.1GHz,2019.04,https://www.topcpu.net/cpu/intel-core-i9-9900
336,Intel Core i7 11800H,12069,8,16,1.9-2.3GHz,2021.05,https://www.topcpu.net/cpu/intel-core-i7-11800h
337,Intel Core i9 11900H,12038,8,16,2.1-2.5GHz,2021.05,https://www.topcpu.net/cpu/intel-core-i9-11900h
338,Qualcomm Snapdragon X Plus,11931,10,10,3.4GHz,2024.04,https://www.topcpu.net/cpu/qualcomm-snapdragon-x-plus
339,AMD Ryzen AI 5 440,11907,6,12,2.0GHz,2026.01,https://www.topcpu.net/cpu/amd-ryzen-ai-5-440
340,AMD Ryzen 9 5980HX,11891,8,16,3.3GHz,2021.01,https://www.topcpu.net/cpu/amd-ryzen-9-5980hx
341,Intel Core Ultra 7 255U,11888,12,14,2.0GHz,2025.01,https://www.topcpu.net/cpu/intel-core-ultra-7-255u
342,Intel Core i9 11900T,11874,8,16,1.5GHz,2021.03,https://www.topcpu.net/cpu/intel-core-i9-11900t
343,Qualcomm Snapdragon X Plus (X1P-64-100),11764,10,10,3.4GHz,2024.04,https://www.topcpu.net/cpu/qualcomm-snapdragon-x-plus-x1p-64-100
344,Intel Core i5 13420H,11753,8,12,2.1GHz,2023.01,https://www.topcpu.net/cpu/intel-core-i5-13420h
345,AMD Ryzen AI 5 340,11727,6,12,2.0GHz,2025.01,https://www.topcpu.net/cpu/amd-ryzen-ai-5-340
346,Intel Core Ultra 5 238V,11635,8,8,2.1GHz,2024.09,https://www.topcpu.net/cpu/intel-core-ultra-5-238v
347,Intel Core i7 1280P,11610,14,20,1.8GHz,2022.02,https://www.topcpu.net/cpu/intel-core-i7-1280p
348,Intel Core Ultra 5 236V,11603,8,8,2.1GHz,2024.09,https://www.topcpu.net/cpu/intel-core-ultra-5-236v
349,AMD Ryzen 5 8500G,11521,6,12,3.5GHz,2024.01,https://www.topcpu.net/cpu/amd-ryzen-5-8500g
350,Intel Core i5 12490F,11488,6,12,3GHz,2022.01,https://www.topcpu.net/cpu/intel-core-i5-12490f
351,AMD Ryzen 5 5600X,11464,6,12,3.7GHz,2020.10,https://www.topcpu.net/cpu/amd-ryzen-5-5600x
352,AMD Ryzen 7 4700GE,11392,8,16,3.6GHz,2020.07,https://www.topcpu.net/cpu/amd-ryzen-7-4700ge
353,Intel Core Ultra 5 235U,11331,12,14,2.0GHz,2025.01,https://www.topcpu.net/cpu/intel-core-ultra-5-235u
354,Intel Core i7 6900K,11326,8,16,3.2GHz,2016.05,https://www.topcpu.net/cpu/intel-core-i7-6900k
355,AMD Ryzen 5 150,11302,6,12,3.3GHz,2025.10,https://www.topcpu.net/cpu/amd-ryzen-5-150
356,Intel Core i5 11600K,11277,6,12,3.9GHz,2021.03,https://www.topcpu.net/cpu/intel-core-i5-11600k
357,Intel Core i5 11600KF,11277,6,12,3.9GHz,2021.03,https://www.topcpu.net/cpu/intel-core-i5-11600kf
358,Intel Core Ultra 5 228V,11270,8,8,2.1GHz,2024.09,https://www.topcpu.net/cpu/intel-core-ultra-5-228v
359,AMD Ryzen 5 8640U,11267,6,12,3.5GHz,2023.12,https://www.topcpu.net/cpu/amd-ryzen-5-8640u
360,AMD Ryzen 9 4900H,11230,8,16,3.3GHz,2020.03,https://www.topcpu.net/cpu/amd-ryzen-9-4900h
361,Apple M4 8 Core,11229,8,8,4.41GHz,2024.10,https://www.topcpu.net/cpu/apple-m4-8-core
362,Intel Core i5 11600,11158,6,12,2.8GHz,2021.03,https://www.topcpu.net/cpu/intel-core-i5-11600
363,AMD Ryzen 7 4800H,11056,8,16,2.9GHz,2020.01,https://www.topcpu.net/cpu/amd-ryzen-7-4800h
364,Intel Core i5 1350P,11054,12,16,1.9GHz,2023.01,https://www.topcpu.net/cpu/intel-core-i5-1350p
365,AMD Ryzen 5 5600,11040,6,12,3.5GHz,2022.04,https://www.topcpu.net/cpu/amd-ryzen-5-5600
366,Intel Core i7 11700F,11029,8,16,2.5GHz,2021.03,https://www.topcpu.net/cpu/intel-core-i7-11700f
367,Intel Core i7 11700,11018,8,16,2.5GHz,2021.03,https://www.topcpu.net/cpu/intel-core-i7-11700
368,AMD Ryzen 5 7640U,11000,6,12,3.5GHz,2023.05,https://www.topcpu.net/cpu/amd-ryzen-5-7640u
369,Intel Core Ultra 5 226V,11000,8,8,2.1GHz,2024.09,https://www.topcpu.net/cpu/intel-core-ultra-5-226v
370,AMD Ryzen AI 5 435,10994,6,12,2.0GHz,2026.01,https://www.topcpu.net/cpu/amd-ryzen-ai-5-435
371,AMD Ryzen 5 7535HS,10856,6,12,3.3GHz,2023.01,https://www.topcpu.net/cpu/amd-ryzen-5-7535hs
372,AMD Ryzen 5 5600G,10850,6,12,3.9GHz,2021.04,https://www.topcpu.net/cpu/amd-ryzen-5-5600g
373,AMD Ryzen 7 7730U,10792,8,16,2.0GHz,2023.01,https://www.topcpu.net/cpu/amd-ryzen-7-7730u
374,Intel Core i9 10900F,10677,10,20,2.8GHz,2020.05,https://www.topcpu.net/cpu/intel-core-i9-10900f
375,AMD Ryzen 5 PRO 8640U,10675,6,12,3.5GHz,2024.04,https://www.topcpu.net/cpu/amd-ryzen-5-pro-8640u
376,Intel Core i5 1340P,10657,12,16,1.9GHz,2023.01,https://www.topcpu.net/cpu/intel-core-i5-1340p
377,AMD Ryzen 5 230,10612,6,12,3.5GHz,2025.01,https://www.topcpu.net/cpu/amd-ryzen-5-230
378,AMD Ryzen 5 5500,10550,6,12,3.6GHz,2022.03,https://www.topcpu.net/cpu/amd-ryzen-5-5500
379,AMD Ryzen 7 4800HS,10546,8,16,2.9GHz,2020.03,https://www.topcpu.net/cpu/amd-ryzen-7-4800hs
380,Intel Core i7 11600H,10540,6,12,2.5-2.9GHz,2021.06,https://www.topcpu.net/cpu/intel-core-i7-11600h
381,Intel Core i9 10980HK,10535,8,16,2.4GHz,2020.04,https://www.topcpu.net/cpu/intel-core-i9-10980hk
382,Intel Core Ultra 9 288V,10529,8,8,3.3GHz,2024.09,https://www.topcpu.net/cpu/intel-core-ultra-9-288v
383,AMD Ryzen 5 5600F,10505,6,12,3.0GHz,2025.09,https://www.topcpu.net/cpu/amd-ryzen-5-5600f
384,Intel Core i5 10600KF,10477,6,12,4.1GHz,2020.05,https://www.topcpu.net/cpu/intel-core-i5-10600kf
385,AMD Ryzen 7 5800HS,10457,8,16,2.8GHz,2021.01,https://www.topcpu.net/cpu/amd-ryzen-7-5800hs
386,Apple M3,10448,8,8,4.05GHz,2023.10,https://www.topcpu.net/cpu/apple-m3
387,Intel Core i7 10700,10429,8,16,2.9GHz,2020.05,https://www.topcpu.net/cpu/intel-core-i7-10700
388,AMD Ryzen 5 8540U,10405,6,12,3.2GHz,2023.12,https://www.topcpu.net/cpu/amd-ryzen-5-8540u
389,AMD Ryzen 7 6800U​,10400,8,16,2.7GHz,2022.01,https://www.topcpu.net/cpu/amd-ryzen-7-6800u
390,AMD Ryzen 7 5600X3D,10231,6,12,3.3GHz,2024.01,https://www.topcpu.net/cpu/amd-ryzen-7-5600x3d
391,AMD Ryzen 5 5600X3D,10227,6,12,3.3GHz,2024.01,https://www.topcpu.net/cpu/amd-ryzen-5-5600x3d
392,AMD Ryzen 5 6600H,10215,6,12,3.3GHz,2022.01,https://www.topcpu.net/cpu/amd-ryzen-5-6600h
393,Intel Core i9 9900T,10202,8,16,2.1GHz,2019.04,https://www.topcpu.net/cpu/intel-core-i9-9900t
394,Intel Core i5 11400F,10168,6,12,2.6GHz,2021.03,https://www.topcpu.net/cpu/intel-core-i5-11400f
395,Intel Core i7 10700T,10151,8,16,2.0GHz,2020.05,https://www.topcpu.net/cpu/intel-core-i7-10700t
396,AMD Ryzen 7 7445HS,10114,6,12,3.2GHz,2023.03,https://www.topcpu.net/cpu/amd-ryzen-7-7445hs
397,Intel Core i7 8086K,10110,6,12,4.0GHz,2018.06,https://www.topcpu.net/cpu/intel-core-i7-8086k
398,AMD Ryzen 7 2700X,10106,8,16,3.7GHz,2018.04,https://www.topcpu.net/cpu/amd-ryzen-7-2700x
399,Intel Core Ultra 7 165U,10103,12,14,1.7GHz,2023.12,https://www.topcpu.net/cpu/intel-core-ultra-7-165u
400,AMD Ryzen 7 7735U,10068,8,16,2.7GHz,2023.01,https://www.topcpu.net/cpu/amd-ryzen-7-7735u
401,AMD Ryzen 7 Pro 6850U,10029,8,16,2.7GHz,2022.04,https://www.topcpu.net/cpu/amd-ryzen-7-pro-6850u
402,Intel Core i5 12450HX,10026,8,12,2.4GHz,2022.05,https://www.topcpu.net/cpu/intel-core-i5-12450hx
403,AMD Ryzen 7 Pro 4750GE,9995,8,16,3.6GHz,2020.07,https://www.topcpu.net/cpu/amd-ryzen-7-pro-4750ge
404,AMD Ryzen 5 220,9927,6,12,3.7GHz,2025.01,https://www.topcpu.net/cpu/amd-ryzen-5-220
405,Intel Core i5 12450H,9883,8,12,2GHz,2022.01,https://www.topcpu.net/cpu/intel-core-i5-12450h
406,Intel Core Ultra 7 155U,9875,12,14,1.7GHz,2023.12,https://www.topcpu.net/cpu/intel-core-ultra-7-155u
407,AMD Ryzen Z1,9872,6,12,3.2GHz,2023.04,https://www.topcpu.net/cpu/amd-ryzen-z1
408,Intel Core i7 5960X,9850,8,16,3.0GHz,2014.08,https://www.topcpu.net/cpu/intel-core-i7-5960x
409,Intel Core i7 10870H,9824,8,16,2.2GHz,2020.09,https://www.topcpu.net/cpu/intel-core-i7-10870h
410,AMD Ryzen 5 7540U,9824,6,12,3.2GHz,2023.05,https://www.topcpu.net/cpu/amd-ryzen-5-7540u
411,AMD Ryzen 5 6600U,9816,6,12,2.9GHz,2022.01,https://www.topcpu.net/cpu/amd-ryzen-5-6600u
412,Intel Core i5 10600K,9816,6,12,4.1GHz,2020.05,https://www.topcpu.net/cpu/intel-core-i5-10600k
413,AMD Ryzen 5 3600XT,9812,6,12,3.8GHz,2020.07,https://www.topcpu.net/cpu/amd-ryzen-5-3600xt
414,Intel Core Ultra 5 125U,9808,12,14,1.3GHz,2023.12,https://www.topcpu.net/cpu/intel-core-ultra-5-125u
415,AMD Ryzen 5 5500X3D,9804,6,12,3.0GHz,2025.06,https://www.topcpu.net/cpu/amd-ryzen-5-5500x3d
416,AMD Ryzen 5 Pro 215,9791,6,12,3.2GHz,2025.01,https://www.topcpu.net/cpu/amd-ryzen-5-pro-215
417,Intel Core i5 11500,9787,6,12,2.7GHz,2021.03,https://www.topcpu.net/cpu/intel-core-i5-11500
418,AMD Ryzen 7 5825U,9749,8,16,2.0GHz,2022.01,https://www.topcpu.net/cpu/amd-ryzen-7-5825u
419,Intel Core i7 6950X,9743,10,20,3.0GHz,2016.05,https://www.topcpu.net/cpu/intel-core-i7-6950x
420,AMD Ryzen 5 7535U,9705,6,12,2.9GHz,2023.01,https://www.topcpu.net/cpu/amd-ryzen-5-7535u
421,AMD Ryzen 3 8300G,9695,4,8,3.4GHz,2024.01,https://www.topcpu.net/cpu/amd-ryzen-3-8300g
422,AMD Ryzen 9 4900HS,9693,8,16,3.0GHz,2020.03,https://www.topcpu.net/cpu/amd-ryzen-9-4900hs
423,Intel Core i7 1270P,9691,12,16,2.2GHz,2022.02,https://www.topcpu.net/cpu/intel-core-i7-1270p
424,Intel Core i7 1260P,9675,12,16,2.1GHz,2022.02,https://www.topcpu.net/cpu/intel-core-i7-1260p
425,AMD Ryzen 5 5600H,9655,6,12,3.3GHz,2021.01,https://www.topcpu.net/cpu/amd-ryzen-5-5600h
426,Intel Core 7 150U,9560,10,12,1.8GHz,2024.01,https://www.topcpu.net/cpu/intel-core-7-150u
427,Intel Core i5 11400,9558,6,12,2.6GHz,2021.03,https://www.topcpu.net/cpu/intel-core-i5-11400
428,Intel Core i5 11500H,9505,6,12,2.4-2.9GHz,2021.05,https://www.topcpu.net/cpu/intel-core-i5-11500h
429,AMD Ryzen 5 3600X,9493,6,12,3.8GHz,2019.07,https://www.topcpu.net/cpu/amd-ryzen-5-3600x
430,AMD Ryzen 5 5600HS,9439,6,12,3.0GHz,2021.01,https://www.topcpu.net/cpu/amd-ryzen-5-5600hs
431,Intel Core i7 9700K,9416,8,8,3.6GHz,2018.10,https://www.topcpu.net/cpu/intel-core-i7-9700k
432,Intel Core i9 10885H,9395,8,16,2.4GHz,2020.04,https://www.topcpu.net/cpu/intel-core-i9-10885h
433,AMD Ryzen 5 4600G,9332,6,12,3.7GHz,2020.07,https://www.topcpu.net/cpu/amd-ryzen-5-4600g
434,Intel Core i5 11400H,9315,6,12,2.2-2.7GHz,2021.05,https://www.topcpu.net/cpu/intel-core-i5-11400h
435,AMD Ryzen 5 4500,9298,6,12,3.6GHz,2022.04,https://www.topcpu.net/cpu/amd-ryzen-5-4500
436,Intel Core i5 1250P,9258,12,16,1.7GHz,2022.02,https://www.topcpu.net/cpu/intel-core-i5-1250p
437,Intel Core i7 1365U,9252,10,12,1.8GHz,2023.01,https://www.topcpu.net/cpu/intel-core-i7-1365u
438,AMD Ryzen 5 3600,9245,6,12,3.6GHz,2019.07,https://www.topcpu.net/cpu/amd-ryzen-5-3600
439,Intel Core i5 1240P,9235,12,16,1.7GHz,2022.02,https://www.topcpu.net/cpu/intel-core-i5-1240p
440,AMD Ryzen 7 1800X,9232,8,16,3.6GHz,2017.03,https://www.topcpu.net/cpu/amd-ryzen-7-1800x
441,Intel Core i7 1355U,9222,10,12,1.7GHz,2023.01,https://www.topcpu.net/cpu/intel-core-i7-1355u
442,AMD Ryzen 5 Pro 4650G,9173,6,12,3.7GHz,2020.07,https://www.topcpu.net/cpu/amd-ryzen-5-pro-4650g
443,Apple A18 Pro (MacBook),9093,6,6,2GHz,2024.09,https://www.topcpu.net/cpu/apple-a18-pro-macbook
444,Intel Core i7 9700KF,9090,8,8,3.6GHz,2019.01,https://www.topcpu.net/cpu/intel-core-i7-9700kf
445,AMD Ryzen 3 8440U,9084,4,8,3.0GHz,2023.12,https://www.topcpu.net/cpu/amd-ryzen-3-8440u
446,Intel Core i3 14100,9077,4,8,3.5GHz,2024.01,https://www.topcpu.net/cpu/intel-core-i3-14100
447,Intel Core 5 120U,9074,10,12,1.4GHz,2024.01,https://www.topcpu.net/cpu/intel-core-5-120u
448,AMD Ryzen 5 6600HS,9045,6,12,3.3GHz,2022.01,https://www.topcpu.net/cpu/amd-ryzen-5-6600hs
449,AMD Ryzen Threadripper 1900X,8979,8,16,3.8GHz,2017.08,https://www.topcpu.net/cpu/amd-ryzen-threadripper-1900x
450,AMD Ryzen 3 7440U,8966,4,8,3.0GHz,2023.10,https://www.topcpu.net/cpu/amd-ryzen-3-7440u
451,AMD Ryzen 7 5700U,8959,8,16,1.8GHz,2021.01,https://www.topcpu.net/cpu/amd-ryzen-7-5700u
452,Intel Core i5 11260H,8943,6,12,2.1-2.6GHz,2021.05,https://www.topcpu.net/cpu/intel-core-i5-11260h
453,AMD Ryzen 5 4600HS,8931,6,12,3.0GHz,2020.01,https://www.topcpu.net/cpu/amd-ryzen-5-4600hs
454,Intel Core i5 10600,8925,6,12,3.3GHz,2020.05,https://www.topcpu.net/cpu/intel-core-i5-10600
455,Intel Core i5 1335U,8887,10,12,1.3GHz,2023.01,https://www.topcpu.net/cpu/intel-core-i5-1335u
456,Intel Core i7 10875H,8877,8,16,2.3GHz,2020.04,https://www.topcpu.net/cpu/intel-core-i7-10875h
457,AMD Ryzen 7 2700,8871,8,16,3.2GHz,2018.04,https://www.topcpu.net/cpu/amd-ryzen-7-2700
458,Intel Core i3 13100F,8814,4,8,3.4GHz,2023.01,https://www.topcpu.net/cpu/intel-core-i3-13100f
459,Intel Core i5 1334U,8811,10,12,1.3GHz,2023.01,https://www.topcpu.net/cpu/intel-core-i5-1334u
460,AMD Ryzen AI 5 430,8811,4,8,2.0GHz,2026.01,https://www.topcpu.net/cpu/amd-ryzen-ai-5-430
461,Intel Core Ultra 5 335,8775,8,8,2.2GHz,2026.01,https://www.topcpu.net/cpu/intel-core-ultra-5-335
462,AMD Ryzen 5 Pro 6650U,8769,6,12,2.9GHz,2023.04,https://www.topcpu.net/cpu/amd-ryzen-5-pro-6650u
463,Intel Core i3 14100F,8756,4,8,3.5GHz,2024.01,https://www.topcpu.net/cpu/intel-core-i3-14100f
464,AMD Ryzen 7 1700X,8737,8,16,3.4GHz,2017.03,https://www.topcpu.net/cpu/amd-ryzen-7-1700x
465,Intel Core i7 8700K,8734,6,12,3.7GHz,2017.10,https://www.topcpu.net/cpu/intel-core-i7-8700k
466,Intel Core i9 9880H,8673,8,16,2.3GHz,2019.04,https://www.topcpu.net/cpu/intel-core-i9-9880h
467,Intel Core Ultra 5 135U,8654,12,14,1.6GHz,2023.12,https://www.topcpu.net/cpu/intel-core-ultra-5-135u
468,AMD Ryzen 7 Pro 5850U,8628,8,16,1.9GHz,2021.03,https://www.topcpu.net/cpu/amd-ryzen-7-pro-5850u
469,AMD Ryzen 7 4800U,8610,8,16,1.8GHz,2020.01,https://www.topcpu.net/cpu/amd-ryzen-7-4800u
470,Intel Core Ultra 5 325,8604,8,8,2.1GHz,2026.01,https://www.topcpu.net/cpu/intel-core-ultra-5-325
471,Intel Core i3 13100,8566,4,8,3.4GHz,2023.01,https://www.topcpu.net/cpu/intel-core-i3-13100
472,Apple M2,8538,8,8,3.5GHz,2022.06,https://www.topcpu.net/cpu/apple-m2
473,Intel Core i7 9700,8524,8,8,3.0GHz,2019.04,https://www.topcpu.net/cpu/intel-core-i7-9700
474,AMD Ryzen 5 7235HS,8523,4,8,3.2GHz,2023.01,https://www.topcpu.net/cpu/amd-ryzen-5-7235hs
475,Intel Core i7 9700F,8461,8,8,3.0GHz,2019.04,https://www.topcpu.net/cpu/intel-core-i7-9700f
476,Intel Core i3 12100F,8443,4,8,3.3GHz,2022.01,https://www.topcpu.net/cpu/intel-core-i3-12100f
477,AMD Ryzen 5 7530U,8381,6,12,2.0GHz,2023.01,https://www.topcpu.net/cpu/amd-ryzen-5-7530u
478,Intel Core i9 9980HK,8333,8,16,2.4GHz,2019.04,https://www.topcpu.net/cpu/intel-core-i9-9980hk
479,Intel Core i3 12300,8249,4,8,3.5GHz,2022.01,https://www.topcpu.net/cpu/intel-core-i3-12300
480,Intel Core i7 1255U,8233,10,12,1.7GHz,2022.02,https://www.topcpu.net/cpu/intel-core-i7-1255u
481,AMD Ryzen 7 5800U,8141,8,16,1.9GHz,2021.01,https://www.topcpu.net/cpu/amd-ryzen-7-5800u
482,Intel Core i5 10500,8137,6,12,3.1GHz,2020.05,https://www.topcpu.net/cpu/intel-core-i5-10500
483,Intel Core i5 1345U,8124,10,12,1.6GHz,2023.01,https://www.topcpu.net/cpu/intel-core-i5-1345u
484,AMD Ryzen 5 7430U,8124,6,12,2.3GHz,2023.01,https://www.topcpu.net/cpu/amd-ryzen-5-7430u
485,AMD Ryzen 5 5625U,8061,6,12,2.3GHz,2022.01,https://www.topcpu.net/cpu/amd-ryzen-5-5625u
486,AMD Ryzen 7 1700,8046,8,16,3GHz,2017.03,https://www.topcpu.net/cpu/amd-ryzen-7-1700
487,Intel Core i7 1265U,8040,10,12,1.8GHz,2022.02,https://www.topcpu.net/cpu/intel-core-i7-1265u
488,AMD Ryzen 5 4600U,8004,6,12,2.1GHz,2020.01,https://www.topcpu.net/cpu/amd-ryzen-5-4600u
489,Intel Core i3 12100,7985,4,8,3.3GHz,2022.01,https://www.topcpu.net/cpu/intel-core-i3-12100
490,AMD Ryzen 7 2700E,7973,8,16,2.8GHz,2018.09,https://www.topcpu.net/cpu/amd-ryzen-7-2700e
491,Intel Core 5 220U,7902,10,12,1.4GHz,2025.01,https://www.topcpu.net/cpu/intel-core-5-220u
492,AMD Ryzen 5 4600H,7885,6,12,3.0GHz,2020.01,https://www.topcpu.net/cpu/amd-ryzen-5-4600h
493,Intel Core i5 10600T,7797,6,12,2.4GHz,2020.05,https://www.topcpu.net/cpu/intel-core-i5-10600t
494,Apple M1,7782,8,8,2.1GHz,2020.11,https://www.topcpu.net/cpu/apple-m1
495,Intel Core Ultra 5 332,7705,6,6,2.5GHz,2026.01,https://www.topcpu.net/cpu/intel-core-ultra-5-332
496,Intel Core Ultra 5 322,7615,6,6,2.5GHz,2026.01,https://www.topcpu.net/cpu/intel-core-ultra-5-322
497,Intel Core i5 10400,7610,6,12,2.9GHz,2020.05,https://www.topcpu.net/cpu/intel-core-i5-10400
498,Intel Core i5 10400F,7576,6,12,2.9GHz,2020.05,https://www.topcpu.net/cpu/intel-core-i5-10400f
499,AMD Ryzen 5 5600U,7510,6,12,2.3GHz,2021.01,https://www.topcpu.net/cpu/amd-ryzen-5-5600u
500,AMD Ryzen 5 2600X,7506,6,12,3.6GHz,2018.04,https://www.topcpu.net/cpu/amd-ryzen-5-2600x
501,Intel Core i3 1220P,7448,10,12,1.5GHz,2022.02,https://www.topcpu.net/cpu/intel-core-i3-1220p
502,AMD Ryzen 3 5300G,7399,4,8,4.0GHz,2021.04,https://www.topcpu.net/cpu/amd-ryzen-3-5300g
503,Intel Core i7 10850H,7392,6,12,2.7GHz,2020.04,https://www.topcpu.net/cpu/intel-core-i7-10850h
504,Intel Core i5 10500T,7375,6,12,2.3GHz,2020.05,https://www.topcpu.net/cpu/intel-core-i5-10500t
505,AMD Ryzen 7 4700U,7341,8,8,2.0GHz,2020.01,https://www.topcpu.net/cpu/amd-ryzen-7-4700u
506,Intel Core i5 1245U,7341,10,12,1.6GHz,2022.02,https://www.topcpu.net/cpu/intel-core-i5-1245u
507,Intel Core i7 1250U,7329,10,12,1.1GHz,2022.02,https://www.topcpu.net/cpu/intel-core-i7-1250u
508,Intel Core i7 6850K,7282,6,12,3.6GHz,2016.05,https://www.topcpu.net/cpu/intel-core-i7-6850k
509,Intel Core i7 10750H,7269,6,12,2.6GHz,2020.04,https://www.topcpu.net/cpu/intel-core-i7-10750h
510,Intel Core i7 7800X,7269,6,12,3.5GHz,2017.05,https://www.topcpu.net/cpu/intel-core-i7-7800x
511,Intel Core i5 9600KF,7218,6,6,3.7GHz,2019.01,https://www.topcpu.net/cpu/intel-core-i5-9600kf
512,AMD Ryzen 5 Pro 5650U,7106,6,12,2.3GHz,2021.03,https://www.topcpu.net/cpu/amd-ryzen-5-pro-5650u
513,AMD Ryzen 5 2600,7101,6,12,3.4GHz,2018.09,https://www.topcpu.net/cpu/amd-ryzen-5-2600
514,Intel Core i7 8700,7068,6,12,3.2GHz,2017.10,https://www.topcpu.net/cpu/intel-core-i7-8700
515,AMD Ryzen 5 5500U,7059,6,12,2.1GHz,2021.01,https://www.topcpu.net/cpu/amd-ryzen-5-5500u
516,Intel Core i7 9850H,6912,6,12,2.6GHz,2019.04,https://www.topcpu.net/cpu/intel-core-i7-9850h
517,Intel Core i9 8950HK,6912,6,12,2.9GHz,2018.04,https://www.topcpu.net/cpu/intel-core-i9-8950hk
518,AMD Ryzen 5 5500GT,6907,6,12,3.6GHz,2024.01,https://www.topcpu.net/cpu/amd-ryzen-5-5500gt
519,Qualcomm Snapdragon X X1 26 100,6901,8,8,2.98GHz,2025.01,https://www.topcpu.net/cpu/qualcomm-snapdragon-x-x1-26-100
520,Qualcomm Snapdragon X Plus X1P 46 100,6893,8,8,3.4GHz,2024.09,https://www.topcpu.net/cpu/qualcomm-snapdragon-x-plus-x1p-46-100
521,Intel Core i7 9750H,6866,6,12,2.6GHz,2019.04,https://www.topcpu.net/cpu/intel-core-i7-9750h
522,Qualcomm Snapdragon X Plus (X1P-42-100),6790,8,8,3.2GHz,2024.09,https://www.topcpu.net/cpu/qualcomm-snapdragon-x-plus-x1p-42-100
523,AMD Ryzen 3 3300X,6787,4,8,3.8GHz,2020.04,https://www.topcpu.net/cpu/amd-ryzen-3-3300x
524,Intel Core i5 10500H,6772,6,12,2.5GHz,2020.04,https://www.topcpu.net/cpu/intel-core-i5-10500h
525,Intel Core i5 10400T,6739,6,12,2.0GHz,2020.05,https://www.topcpu.net/cpu/intel-core-i5-10400t
526,AMD Ryzen 5 3500X,6717,6,6,3.6GHz,2019.09,https://www.topcpu.net/cpu/amd-ryzen-5-3500x
527,Intel Core i7 6800K,6632,6,12,3.4GHz,2016.05,https://www.topcpu.net/cpu/intel-core-i7-6800k
528,Intel Core i5 8600K,6612,6,6,3.6GHz,2017.10,https://www.topcpu.net/cpu/intel-core-i5-8600k
529,Intel Core i5 1235U,6599,10,12,1.3GHz,2022.02,https://www.topcpu.net/cpu/intel-core-i5-1235u
530,Intel Core i5 9600K,6590,6,6,3.7GHz,2018.10,https://www.topcpu.net/cpu/intel-core-i5-9600k
531,Intel Core i7 11375H,6589,4,8,3.0-3.3GHz,2021.01,https://www.topcpu.net/cpu/intel-core-i7-11375h
532,Intel Core 3 100U,6451,6,8,1.2GHz,2024.01,https://www.topcpu.net/cpu/intel-core-3-100u
533,AMD Ryzen 5 1600X,6409,6,12,3.6GHz,2017.04,https://www.topcpu.net/cpu/amd-ryzen-5-1600x
534,Intel Core i7 11390H,6358,4,8,2.9-3.4GHz,2021.06,https://www.topcpu.net/cpu/intel-core-i7-11390h
535,Intel Core i3 10320,6347,4,8,3.8GHz,2020.05,https://www.topcpu.net/cpu/intel-core-i3-10320
536,Intel Core i7 8750H,6297,6,12,2.2GHz,2018.04,https://www.topcpu.net/cpu/intel-core-i7-8750h
537,AMD Ryzen 5 1600,6233,6,12,3.2GHz,2017.04,https://www.topcpu.net/cpu/amd-ryzen-5-1600
538,Intel Core i3 1315U,6195,6,8,1.2GHz,2023.01,https://www.topcpu.net/cpu/intel-core-i3-1315u
539,AMD Ryzen 3 4100,6064,4,8,3.8GHz,2022.04,https://www.topcpu.net/cpu/amd-ryzen-3-4100
540,Intel Core i7 1165G7,6044,4,8,1.2-2.8GHz,2020.09,https://www.topcpu.net/cpu/intel-core-i7-1165g7
541,AMD Ryzen 3 5425U,6022,4,8,2.7GHz,2022.01,https://www.topcpu.net/cpu/amd-ryzen-3-5425u
542,Intel Core i5 11320H,5975,4,8,2.5-3.2GHz,2021.06,https://www.topcpu.net/cpu/intel-core-i5-11320h
543,Intel Core i5 9500,5952,6,6,3.0GHz,2019.04,https://www.topcpu.net/cpu/intel-core-i5-9500
544,AMD Ryzen 3 Pro 4350G,5942,4,8,3.8GHz,2020.07,https://www.topcpu.net/cpu/amd-ryzen-3-pro-4350g
545,Intel Core i3 10300,5916,4,8,3.7GHz,2020.05,https://www.topcpu.net/cpu/intel-core-i3-10300
546,Intel Core i7 10710U,5914,6,12,1.1GHz,2019.08,https://www.topcpu.net/cpu/intel-core-i7-10710u
547,Intel Core i7 1195G7,5907,4,8,1.3-2.9GHz,2021.06,https://www.topcpu.net/cpu/intel-core-i7-1195g7
548,Intel Core i7 7700K,5881,4,8,4.2GHz,2017.01,https://www.topcpu.net/cpu/intel-core-i7-7700k
549,AMD Ryzen 5 4500U,5872,6,6,2.3GHz,2020.01,https://www.topcpu.net/cpu/amd-ryzen-5-4500u
550,Intel Core i5 1230U,5817,10,12,1.0GHz,2022.02,https://www.topcpu.net/cpu/intel-core-i5-1230u
551,Intel Core i5 8400,5798,6,6,2.8GHz,2017.10,https://www.topcpu.net/cpu/intel-core-i5-8400
552,Intel Core i3 1215U,5768,6,8,1.2GHz,2022.02,https://www.topcpu.net/cpu/intel-core-i3-1215u
553,Intel Core i7 1185G7,5756,4,8,1.2-3.0GHz,2020.09,https://www.topcpu.net/cpu/intel-core-i7-1185g7
554,AMD Ryzen 3 4300GE,5730,4,8,3.5GHz,2020.07,https://www.topcpu.net/cpu/amd-ryzen-3-4300ge
555,Intel Core i3 10105F,5689,4,8,3.7GHz,2021.02,https://www.topcpu.net/cpu/intel-core-i3-10105f
556,Intel Core i7 11370H,5660,4,8,3.0-3.3GHz,2021.01,https://www.topcpu.net/cpu/intel-core-i7-11370h
557,Intel Core i7 6700K,5646,4,8,4.0GHz,2015.08,https://www.topcpu.net/cpu/intel-core-i7-6700k
558,AMD Ryzen 3 3100,5627,4,8,3.6GHz,2020.04,https://www.topcpu.net/cpu/amd-ryzen-3-3100
559,Intel Core i7 7700T,5605,4,8,2.9GHz,2017.01,https://www.topcpu.net/cpu/intel-core-i7-7700t
560,AMD Ryzen 3 Pro 4350GE,5599,4,8,3.5GHz,2020.07,https://www.topcpu.net/cpu/amd-ryzen-3-pro-4350ge
561,Intel Core i5 9400F,5579,6,6,2.9GHz,2019.01,https://www.topcpu.net/cpu/intel-core-i5-9400f
562,Intel Core i3 10100,5565,4,8,3.6GHz,2020.05,https://www.topcpu.net/cpu/intel-core-i3-10100
563,Intel Core i3 10100F,5565,4,8,3.6GHz,2020.10,https://www.topcpu.net/cpu/intel-core-i3-10100f
564,Intel Core i5 8500,5502,6,6,3.0GHz,2018.04,https://www.topcpu.net/cpu/intel-core-i5-8500
565,Intel Xeon D-1540,5490,8,16,2GHz,2015.03,https://www.topcpu.net/cpu/intel-xeon-d-1540
566,Intel Core i7 7700,5443,4,8,3.6GHz,2017.01,https://www.topcpu.net/cpu/intel-core-i7-7700
567,Intel Core i5 10200H,5320,4,8,2.4GHz,2020.09,https://www.topcpu.net/cpu/intel-core-i5-10200h
568,Intel Core i5 11300H,5314,4,8,2.6-3.1GHz,2021.01,https://www.topcpu.net/cpu/intel-core-i5-11300h
569,Intel Core 3 N355,5261,8,8,,2025.01,https://www.topcpu.net/cpu/intel-core-3-n355
570,Intel Core i3 10100T,5112,4,8,3.0GHz,2020.04,https://www.topcpu.net/cpu/intel-core-i3-10100t
571,AMD Ryzen 5 7520U,5108,4,8,2.8GHz,2022.09,https://www.topcpu.net/cpu/amd-ryzen-5-7520u
572,Intel Core i3 1125G4,5067,4,8,0.9-2.0GHz,2020.09,https://www.topcpu.net/cpu/intel-core-i3-1125g4
573,AMD Ryzen 3 7330U,5066,4,8,2.3GHz,2023.01,https://www.topcpu.net/cpu/amd-ryzen-3-7330u
574,Intel Core i5 1135G7,5047,4,8,0.9-2.4GHz,2020.09,https://www.topcpu.net/cpu/intel-core-i5-1135g7
575,Intel Core i5 10400H,5031,4,8,2.6GHz,2020.04,https://www.topcpu.net/cpu/intel-core-i5-10400h
576,Intel Core i5 9300HF,5023,4,8,2.4GHz,2019.04,https://www.topcpu.net/cpu/intel-core-i5-9300hf
577,Intel Core i7 8850H,4984,6,12,2.6GHz,2018.04,https://www.topcpu.net/cpu/intel-core-i7-8850h
578,Intel Core i5 1038NG7,4956,4,8,2.0GHz,2020.05,https://www.topcpu.net/cpu/intel-core-i5-1038ng7
579,Intel Core i7 8705G,4907,4,8,3.1GHz,2018.01,https://www.topcpu.net/cpu/intel-core-i7-8705g
580,Intel Processor U300,4883,5,6,1.2GHz,2023.01,https://www.topcpu.net/cpu/intel-processor-u300
581,Intel Core i7 6700,4841,4,8,3.4GHz,2015.09,https://www.topcpu.net/cpu/intel-core-i7-6700
582,Intel Core i5 10300H,4835,4,8,2.5GHz,2020.04,https://www.topcpu.net/cpu/intel-core-i5-10300h
583,AMD Ryzen 5 2400G,4801,4,8,3.6GHz,2018.02,https://www.topcpu.net/cpu/amd-ryzen-5-2400g
584,Intel Core i3 9350K,4779,4,4,4.0GHz,2019.04,https://www.topcpu.net/cpu/intel-core-i3-9350k
585,Intel Core i3 9350KF,4779,4,4,4.0GHz,2019.01,https://www.topcpu.net/cpu/intel-core-i3-9350kf
586,AMD Ryzen 5 3400G,4776,4,8,3.7GHz,2019.07,https://www.topcpu.net/cpu/amd-ryzen-5-3400g
587,Intel Core i5 1145G7,4767,4,8,1.1-2.6GHz,2020.09,https://www.topcpu.net/cpu/intel-core-i5-1145g7
588,Intel Core i7 10810U,4736,6,12,0.8-1.6GHz,2020.05,https://www.topcpu.net/cpu/intel-core-i7-10810u
589,Intel Core i5 9300H,4732,4,8,2.4GHz,2019.04,https://www.topcpu.net/cpu/intel-core-i5-9300h
590,Intel Core i7 8569U,4727,4,8,2.8GHz,2019.05,https://www.topcpu.net/cpu/intel-core-i7-8569u
591,AMD Ryzen 5 1500X,4641,4,8,3.5GHz,2017.04,https://www.topcpu.net/cpu/amd-ryzen-5-1500x
592,AMD Ryzen 3 5300U,4601,4,8,2.6GHz,2021.01,https://www.topcpu.net/cpu/amd-ryzen-3-5300u
593,Intel Core i7 8557U,4595,4,8,1.7GHz,2019.07,https://www.topcpu.net/cpu/intel-core-i7-8557u
594,Intel Core i7 1068NG7,4537,4,8,2.3GHz,2020.01,https://www.topcpu.net/cpu/intel-core-i7-1068ng7
595,Intel Xeon E3-1241 v3,4522,4,8,3.5GHz,2014.05,https://www.topcpu.net/cpu/intel-xeon-e3-1241-v3
596,Intel Core i3 8350K,4467,4,4,4.0GHz,2017.10,https://www.topcpu.net/cpu/intel-core-i3-8350k
597,Intel Core i5 8279U,4440,4,8,2.4GHz,2019.05,https://www.topcpu.net/cpu/intel-core-i5-8279u
598,Intel Core i7 1065G7,4434,4,8,1.3GHz,2019.08,https://www.topcpu.net/cpu/intel-core-i7-1065g7
599,AMD Ryzen 3 7320U,4433,4,8,2.4GHz,2023.01,https://www.topcpu.net/cpu/amd-ryzen-3-7320u
600,Intel Core i5 8300H,4417,4,8,2.3GHz,2018.04,https://www.topcpu.net/cpu/intel-core-i5-8300h
601,Intel Core i3 N305,4409,8,8,0GHz,2023.01,https://www.topcpu.net/cpu/intel-core-i3-n305
602,Intel Xeon E3-1231 v3,4409,4,8,3.4GHz,2014.05,https://www.topcpu.net/cpu/intel-xeon-e3-1231-v3
603,Intel Core i3 1305U,4392,5,6,1.6GHz,2023.01,https://www.topcpu.net/cpu/intel-core-i3-1305u
604,Intel Core i7 1060NG7,4326,4,8,1.2GHz,2020.03,https://www.topcpu.net/cpu/intel-core-i7-1060ng7
605,Intel Core i5 1035G4,4293,4,8,1.1GHz,2019.08,https://www.topcpu.net/cpu/intel-core-i5-1035g4
606,Intel Core i7 6820HQ,4287,4,8,2.7GHz,2015.09,https://www.topcpu.net/cpu/intel-core-i7-6820hq
607,Intel Core i7 6700HQ,4239,4,8,2.6GHz,2015.09,https://www.topcpu.net/cpu/intel-core-i7-6700hq
608,Intel Core i7 1060G7,4238,4,8,1.0GHz,2019.08,https://www.topcpu.net/cpu/intel-core-i7-1060g7
609,Intel Core i5 1035G1,4224,4,8,1.0GHz,2019.08,https://www.topcpu.net/cpu/intel-core-i5-1035g1
610,Intel Core i7 10510U,4221,4,8,1.8GHz,2019.08,https://www.topcpu.net/cpu/intel-core-i7-10510u
611,Intel Core i5 1155G7,4171,4,8,1.0-2.5GHz,2021.06,https://www.topcpu.net/cpu/intel-core-i5-1155g7
612,Intel Core i5 1030NG7,4167,4,8,1.1GHz,2020.03,https://www.topcpu.net/cpu/intel-core-i5-1030ng7
613,Intel Core i5 7600K,4143,4,4,3.8GHz,2017.01,https://www.topcpu.net/cpu/intel-core-i5-7600k
614,Intel Core i3 9100F,4117,4,4,3.6GHz,2019.04,https://www.topcpu.net/cpu/intel-core-i3-9100f
615,AMD Ryzen 5 3550H,4108,4,8,2.1GHz,2019.01,https://www.topcpu.net/cpu/amd-ryzen-5-3550h
616,AMD Ryzen 7 3750H,4070,4,8,2.3GHz,2019.01,https://www.topcpu.net/cpu/amd-ryzen-7-3750h
617,Intel Core i5 8400H,4035,4,8,2.5GHz,2018.04,https://www.topcpu.net/cpu/intel-core-i5-8400h
618,Intel Core i5 8257U,4031,4,8,1.4GHz,2019.07,https://www.topcpu.net/cpu/intel-core-i5-8257u
619,Intel Core i7 10610U,4019,4,8,0.8-2.3GHz,2020.05,https://www.topcpu.net/cpu/intel-core-i7-10610u
620,AMD Ryzen 5 1400,4017,4,8,3.2GHz,2017.04,https://www.topcpu.net/cpu/amd-ryzen-5-1400
621,Intel Core i5 6600K,3963,4,4,3.5GHz,2015.08,https://www.topcpu.net/cpu/intel-core-i5-6600k
622,Intel Core i7 7700HQ,3958,4,8,2.8GHz,2017.01,https://www.topcpu.net/cpu/intel-core-i7-7700hq
623,Intel Processor 300,3921,2,4,3.9GHz,2023.10,https://www.topcpu.net/cpu/intel-processor-300
624,Intel Core i5 6600,3810,4,4,3.3GHz,2015.09,https://www.topcpu.net/cpu/intel-core-i5-6600
625,Intel Pentium Gold G7400,3795,2,4,3.7GHz,2022.01,https://www.topcpu.net/cpu/intel-pentium-gold-g7400
626,AMD Ryzen 7 3700U,3792,4,8,2.3GHz,2019.01,https://www.topcpu.net/cpu/amd-ryzen-7-3700u
627,Intel Xeon E3-1265L v3,3766,4,8,2.5GHz,2013.06,https://www.topcpu.net/cpu/intel-xeon-e3-1265l-v3
628,Intel Core i7 8665U,3752,4,8,1.9GHz,2019.04,https://www.topcpu.net/cpu/intel-core-i7-8665u
629,Intel Core i3 9100,3686,4,4,3.6GHz,2019.04,https://www.topcpu.net/cpu/intel-core-i3-9100
630,Intel Core i7 8650U,3657,4,8,1.9GHz,2017.08,https://www.topcpu.net/cpu/intel-core-i7-8650u
631,Intel Core i5 8365U,3650,4,8,1.6GHz,2019.04,https://www.topcpu.net/cpu/intel-core-i5-8365u
632,Intel Core i5 8400T,3638,6,6,1.7GHz,2018.04,https://www.topcpu.net/cpu/intel-core-i5-8400t
633,Intel Core i3 8100,3597,4,4,3.6GHz,2017.10,https://www.topcpu.net/cpu/intel-core-i3-8100
634,KaiXian KX-7000/8,3595,8,8,3.0GHz,2023.12,https://www.topcpu.net/cpu/kaixian-kx-7000-8
635,AMD Ryzen 3 2200G,3586,4,4,3.5GHz,2018.02,https://www.topcpu.net/cpu/amd-ryzen-3-2200g
636,Intel Core i5 8259U,3564,4,8,2.3GHz,2018.04,https://www.topcpu.net/cpu/intel-core-i5-8259u
637,AMD Ryzen 3 1300X,3464,4,4,3.5GHz,2017.07,https://www.topcpu.net/cpu/amd-ryzen-3-1300x
638,AMD Ryzen 3 4300U,3447,4,4,2.7GHz,2020.01,https://www.topcpu.net/cpu/amd-ryzen-3-4300u
639,Intel Xeon E3-1240L v3,3427,4,8,2GHz,2014.05,https://www.topcpu.net/cpu/intel-xeon-e3-1240l-v3
640,Intel Core i5 6500,3420,4,4,3.2GHz,2015.09,https://www.topcpu.net/cpu/intel-core-i5-6500
641,Intel Core i7 1180G7,3413,4,8,0.9-2.2GHz,2020.09,https://www.topcpu.net/cpu/intel-core-i7-1180g7
642,Intel Processor N150,3412,4,4,0.1GHz,2024.11,https://www.topcpu.net/cpu/intel-processor-n150
643,Intel Core i5 7400,3369,4,4,3.0GHz,2017.01,https://www.topcpu.net/cpu/intel-core-i5-7400
644,AMD Ryzen 3 3200G,3292,4,4,3.6GHz,2019.09,https://www.topcpu.net/cpu/amd-ryzen-3-3200g
645,Intel Core i5 1130G7,3238,4,8,0.8-1.8GHz,2020.09,https://www.topcpu.net/cpu/intel-core-i5-1130g7
646,Intel Core i5 1035G7,3223,4,8,1.2GHz,2019.08,https://www.topcpu.net/cpu/intel-core-i5-1035g7
647,Intel Core i7 1160G7,3215,4,8,0.9-2.1GHz,2020.09,https://www.topcpu.net/cpu/intel-core-i7-1160g7
648,Intel Core i5 6400,3214,4,4,2.7GHz,2015.09,https://www.topcpu.net/cpu/intel-core-i5-6400
649,AMD Ryzen 5 3450U,3181,4,8,2.1GHz,2020.01,https://www.topcpu.net/cpu/amd-ryzen-5-3450u
650,Intel Core i3 1115G4,3141,2,4,1.7-3.0GHz,2020.09,https://www.topcpu.net/cpu/intel-core-i3-1115g4
651,Intel Core i5 7300HQ,3125,4,4,2.5GHz,2017.01,https://www.topcpu.net/cpu/intel-core-i5-7300hq
652,Intel Core i5 8250U,3085,4,8,1.6GHz,2017.08,https://www.topcpu.net/cpu/intel-core-i5-8250u
653,Intel Core i5 10310U,3084,4,8,0.8-2.2GHz,2020.05,https://www.topcpu.net/cpu/intel-core-i5-10310u
654,Intel Core i7 8565U,3073,4,8,1.8GHz,2018.08,https://www.topcpu.net/cpu/intel-core-i7-8565u
655,Intel Processor N250,3050,4,4,0.1GHz,2025.01,https://www.topcpu.net/cpu/intel-processor-n250
656,AMD Ryzen 3 1200,3010,4,4,3.1GHz,2017.07,https://www.topcpu.net/cpu/amd-ryzen-3-1200
657,Intel Processor N200,2988,4,4,,2023.01,https://www.topcpu.net/cpu/intel-processor-n200
658,Intel Processor N97,2986,4,4,0GHz,2023.01,https://www.topcpu.net/cpu/intel-processor-n97
659,Intel Core i7 8550U,2960,4,8,1.8GHz,2017.08,https://www.topcpu.net/cpu/intel-core-i7-8550u
660,Intel Processor N100,2921,4,4,,2023.01,https://www.topcpu.net/cpu/intel-processor-n100
661,Intel Core i5 10210U,2899,4,8,1.6GHz,2019.08,https://www.topcpu.net/cpu/intel-core-i5-10210u
662,AMD Ryzen 5 2500U,2861,4,8,2.0GHz,2017.10,https://www.topcpu.net/cpu/amd-ryzen-5-2500u
663,Intel Processor N95,2767,4,4,,2023.01,https://www.topcpu.net/cpu/intel-processor-n95
664,AMD Ryzen 5 3500U,2752,4,8,2.1GHz,2019.01,https://www.topcpu.net/cpu/amd-ryzen-5-3500u
665,AMD Ryzen 3 2300U,2637,4,4,2.0GHz,2018.01,https://www.topcpu.net/cpu/amd-ryzen-3-2300u
666,Intel Core i5 8265U,2621,4,8,1.6GHz,2018.08,https://www.topcpu.net/cpu/intel-core-i5-8265u
667,Intel Core i7 10510Y,2609,4,8,1.2GHz,2019.08,https://www.topcpu.net/cpu/intel-core-i7-10510y
668,Intel Core i5 1140G7,2593,4,8,0.8-1.8GHz,2020.09,https://www.topcpu.net/cpu/intel-core-i5-1140g7
669,AMD Ryzen 7 2700U,2565,4,8,2.2GHz,2017.10,https://www.topcpu.net/cpu/amd-ryzen-7-2700u
670,Intel Core i3 6100,2565,2,4,3.7GHz,2015.09,https://www.topcpu.net/cpu/intel-core-i3-6100
671,Intel Core i3 N300,2545,8,8,,2023.01,https://www.topcpu.net/cpu/intel-core-i3-n300
672,Intel Core i5 8350U,2476,4,8,1.7GHz,2017.08,https://www.topcpu.net/cpu/intel-core-i5-8350u
673,Intel Celeron G6900,2476,2,2,3.4GHz,2022.01,https://www.topcpu.net/cpu/intel-celeron-g6900
674,Intel Core i3 1005G1,2442,2,4,1.2GHz,2019.08,https://www.topcpu.net/cpu/intel-core-i3-1005g1
675,Intel Pentium Silver N6005,2406,4,4,2.0GHz,2021.01,https://www.topcpu.net/cpu/intel-pentium-silver-n6005
676,AMD Ryzen 3 3300U,2394,4,4,2.1GHz,2019.01,https://www.topcpu.net/cpu/amd-ryzen-3-3300u
677,Intel Core i3 10110U,2373,2,4,2.1GHz,2019.08,https://www.topcpu.net/cpu/intel-core-i3-10110u
678,Intel Celeron N5095,2174,4,4,2.0GHz,2021.01,https://www.topcpu.net/cpu/intel-celeron-n5095
679,Intel Pentium G4560,2160,2,4,3.5GHz,2017.01,https://www.topcpu.net/cpu/intel-pentium-g4560
680,Intel Core i3 8130U,2124,2,4,2.2GHz,2018.02,https://www.topcpu.net/cpu/intel-core-i3-8130u
681,Intel Pentium G4600,2085,2,4,3.6GHz,2017.01,https://www.topcpu.net/cpu/intel-pentium-g4600
682,Intel Core i7 6500U,2072,2,4,2.5GHz,2015.09,https://www.topcpu.net/cpu/intel-core-i7-6500u
683,Intel Core i5 7200U,2040,2,4,2.5GHz,2016.08,https://www.topcpu.net/cpu/intel-core-i5-7200u
684,Intel Pentium Silver N6000,2028,4,4,1.1GHz,2021.01,https://www.topcpu.net/cpu/intel-pentium-silver-n6000
685,AMD Ryzen 3 3250U,1972,2,4,2.6GHz,2020.01,https://www.topcpu.net/cpu/amd-ryzen-3-3250u
686,Intel Pentium Silver J5040,1959,4,4,2.0GHz,2019.11,https://www.topcpu.net/cpu/intel-pentium-silver-j5040
687,Intel Core i7 7500U,1952,2,4,2.7GHz,2016.08,https://www.topcpu.net/cpu/intel-core-i7-7500u
688,Intel Core i3 4170,1935,2,4,3.7GHz,2015.03,https://www.topcpu.net/cpu/intel-core-i3-4170
689,Intel Pentium Gold 5405U,1926,2,4,2.3GHz,2019.01,https://www.topcpu.net/cpu/intel-pentium-gold-5405u
690,Intel Celeron N5100,1785,4,4,1.1GHz,2021.01,https://www.topcpu.net/cpu/intel-celeron-n5100
691,AMD Ryzen 3 3200U,1784,2,4,2.6GHz,2019.01,https://www.topcpu.net/cpu/amd-ryzen-3-3200u
692,Intel Core i3 8145U,1720,2,4,2.1GHz,2018.08,https://www.topcpu.net/cpu/intel-core-i3-8145u
693,Intel Core i3 1110G4,1711,2,4,1.5-2.5GHz,2020.09,https://www.topcpu.net/cpu/intel-core-i3-1110g4
694,Intel Celeron G5905,1695,2,2,3.5GHz,2020.07,https://www.topcpu.net/cpu/intel-celeron-g5905
695,Intel Core i5 6200U,1694,2,4,2.3GHz,2015.09,https://www.topcpu.net/cpu/intel-core-i5-6200u
696,Intel Core i5 8210Y,1572,2,4,1.6GHz,2018.10,https://www.topcpu.net/cpu/intel-core-i5-8210y
697,Intel Core i3 1000NG4,1532,2,4,1.1GHz,2020.03,https://www.topcpu.net/cpu/intel-core-i3-1000ng4
698,Intel Celeron G5900,1483,2,2,3.4GHz,2020.05,https://www.topcpu.net/cpu/intel-celeron-g5900
699,AMD Ryzen 3 2200U,1424,2,4,2.5GHz,2018.01,https://www.topcpu.net/cpu/amd-ryzen-3-2200u
700,Intel Pentium Silver N5030,1283,4,4,1.1GHz,2019.11,https://www.topcpu.net/cpu/intel-pentium-silver-n5030
701,Intel Pentium Gold 4417U,1228,2,4,2.3GHz,2019.01,https://www.topcpu.net/cpu/intel-pentium-gold-4417u
702,Intel Pentium Silver N5000,1228,4,4,1.1GHz,2017.12,https://www.topcpu.net/cpu/intel-pentium-silver-n5000
703,Intel Core i5 5200U,1176,2,4,2.2GHz,2015.01,https://www.topcpu.net/cpu/intel-core-i5-5200u
704,Intel Core i3 7100U,1173,2,4,2.4GHz,2016.08,https://www.topcpu.net/cpu/intel-core-i3-7100u
705,Intel Celeron N4120,1065,4,4,1.1GHz,2019.11,https://www.topcpu.net/cpu/intel-celeron-n4120
706,Intel Pentium N4200,971,4,4,1.1GHz,2016.08,https://www.topcpu.net/cpu/intel-pentium-n4200
707,Intel Core i3 5010U,833,2,4,2.1GHz,2015.01,https://www.topcpu.net/cpu/intel-core-i3-5010u
708,Intel Celeron N4020,776,2,2,1.1GHz,2019.11,https://www.topcpu.net/cpu/intel-celeron-n4020
709,Intel Celeron N4000,712,2,2,1.1GHz,2017.12,https://www.topcpu.net/cpu/intel-celeron-n4000
710,Intel Celeron N4500,707,2,2,1.1GHz,2021.01,https://www.topcpu.net/cpu/intel-celeron-n4500
711,Intel Pentium N3710,626,4,4,1.6GHz,2016.01,https://www.topcpu.net/cpu/intel-pentium-n3710
712,Intel Celeron N3350,262,2,2,1.1GHz,2016.08,https://www.topcpu.net/cpu/intel-celeron-n3350
713,Intel Celeron N3350E,250,2,2,1.1GHz,2019.07,https://www.topcpu.net/cpu/intel-celeron-n3350e
